Workbook

Sheet Resumo
A1: Resumo da conferência por carrinho
A3: Carrinho | B3: No Word | C3: Confere | D3: Local diferente | E3: Letra final diferente | F3: Não encontrado | G3: No sistema (neste carrinho) | H3: Sistema: não estão no Word
A4: Carrinho 01 ( AZUL) | B4: =COUNTIF(Conferência!$A$4:$A$336,A4) -> 28 | C4: =COUNTIFS(Conferência!$A$4:$A$336,$A4,Conferência!$K$4:$K$336,"Confere") -> 26 | D4: =COUNTIFS(Conferência!$A$4:$A$336,$A4,Conferência!$K$4:$K$336,"Local diferente") -> 0 | E4: =COUNTIFS(Conferência!$A$4:$A$336,$A4,Conferência!$K$4:$K$336,"Letra final diferente") -> 0 | F4: =COUNTIFS(Conferência!$A$4:$A$336,$A4,Conferência!$K$4:$K$336,"Não encontrado") -> 2 | G4: =COUNTIF(Sistema!$F$2:$F$421,A4) -> 29 | H4: =COUNTIFS(Sistema!$F$2:$F$421,A4,Sistema!$H$2:$H$421,"Falta no Word") -> 3
A5: Carrinho 02 ( AMARELO) | B5: =COUNTIF(Conferência!$A$4:$A$336,A5) -> 25 | C5: =COUNTIFS(Conferência!$A$4:$A$336,$A5,Conferência!$K$4:$K$336,"Confere") -> 25 | D5: =COUNTIFS(Conferência!$A$4:$A$336,$A5,Conferência!$K$4:$K$336,"Local diferente") -> 0 | E5: =COUNTIFS(Conferência!$A$4:$A$336,$A5,Conferência!$K$4:$K$336,"Letra final diferente") -> 0 | F5: =COUNTIFS(Conferência!$A$4:$A$336,$A5,Conferência!$K$4:$K$336,"Não encontrado") -> 0 | G5: =COUNTIF(Sistema!$F$2:$F$421,A5) -> 25 | H5: =COUNTIFS(Sistema!$F$2:$F$421,A5,Sistema!$H$2:$H$421,"Falta no Word") -> 0
A6: Carrinho 03 ( VERMELHO - CHROME R11 - ED. IN | B6: =COUNTIF(Conferência!$A$4:$A$336,A6) -> 26 | C6: =COUNTIFS(Conferência!$A$4:$A$336,$A6,Conferência!$K$4:$K$336,"Confere") -> 24 | D6: =COUNTIFS(Conferência!$A$4:$A$336,$A6,Conferência!$K$4:$K$336,"Local diferente") -> 1 | E6: =COUNTIFS(Conferência!$A$4:$A$336,$A6,Conferência!$K$4:$K$336,"Letra final diferente") -> 0 | F6: =COUNTIFS(Conferência!$A$4:$A$336,$A6,Conferência!$K$4:$K$336,"Não encontrado") -> 1 | G6: =COUNTIF(Sistema!$F$2:$F$421,A6) -> 28 | H6: =COUNTIFS(Sistema!$F$2:$F$421,A6,Sistema!$H$2:$H$421,"Falta no Word") -> 4
A7: Carrinho 04 ( LARANJA ) | B7: =COUNTIF(Conferência!$A$4:$A$336,A7) -> 24 | C7: =COUNTIFS(Conferência!$A$4:$A$336,$A7,Conferência!$K$4:$K$336,"Confere") -> 17 | D7: =COUNTIFS(Conferência!$A$4:$A$336,$A7,Conferência!$K$4:$K$336,"Local diferente") -> 2 | E7: =COUNTIFS(Conferência!$A$4:$A$336,$A7,Conferência!$K$4:$K$336,"Letra final diferente") -> 0 | F7: =COUNTIFS(Conferência!$A$4:$A$336,$A7,Conferência!$K$4:$K$336,"Não encontrado") -> 5 | G7: =COUNTIF(Sistema!$F$2:$F$421,A7) -> 23 | H7: =COUNTIFS(Sistema!$F$2:$F$421,A7,Sistema!$H$2:$H$421,"Falta no Word") -> 6
A8: Carrinho 05 ( ROXO) | B8: =COUNTIF(Conferência!$A$4:$A$336,A8) -> 25 | C8: =COUNTIFS(Conferência!$A$4:$A$336,$A8,Conferência!$K$4:$K$336,"Confere") -> 24 | D8: =COUNTIFS(Conferência!$A$4:$A$336,$A8,Conferência!$K$4:$K$336,"Local diferente") -> 1 | E8: =COUNTIFS(Conferência!$A$4:$A$336,$A8,Conferência!$K$4:$K$336,"Letra final diferente") -> 0 | F8: =COUNTIFS(Conferência!$A$4:$A$336,$A8,Conferência!$K$4:$K$336,"Não encontrado") -> 0 | G8: =COUNTIF(Sistema!$F$2:$F$421,A8) -> 25 | H8: =COUNTIFS(Sistema!$F$2:$F$421,A8,Sistema!$H$2:$H$421,"Falta no Word") -> 1
A9: Carrinho 06 ( VERDE) | B9: =COUNTIF(Conferência!$A$4:$A$336,A9) -> 32 | C9: =COUNTIFS(Conferência!$A$4:$A$336,$A9,Conferência!$K$4:$K$336,"Confere") -> 32 | D9: =COUNTIFS(Conferência!$A$4:$A$336,$A9,Conferência!$K$4:$K$336,"Local diferente") -> 0 | E9: =COUNTIFS(Conferência!$A$4:$A$336,$A9,Conferência!$K$4:$K$336,"Letra final diferente") -> 0 | F9: =COUNTIFS(Conferência!$A$4:$A$336,$A9,Conferência!$K$4:$K$336,"Não encontrado") -> 0 | G9: =COUNTIF(Sistema!$F$2:$F$421,A9) -> 32 | H9: =COUNTIFS(Sistema!$F$2:$F$421,A9,Sistema!$H$2:$H$421,"Falta no Word") -> 0
A10: Carrinho 07 - ROSA | B10: =COUNTIF(Conferência!$A$4:$A$336,A10) -> 31 | C10: =COUNTIFS(Conferência!$A$4:$A$336,$A10,Conferência!$K$4:$K$336,"Confere") -> 25 | D10: =COUNTIFS(Conferência!$A$4:$A$336,$A10,Conferência!$K$4:$K$336,"Local diferente") -> 2 | E10: =COUNTIFS(Conferência!$A$4:$A$336,$A10,Conferência!$K$4:$K$336,"Letra final diferente") -> 1 | F10: =COUNTIFS(Conferência!$A$4:$A$336,$A10,Conferência!$K$4:$K$336,"Não encontrado") -> 3 | G10: =COUNTIF(Sistema!$F$2:$F$421,A10) -> 29 | H10: =COUNTIFS(Sistema!$F$2:$F$421,A10,Sistema!$H$2:$H$421,"Falta no Word") -> 3
A11: Carrinho 08 - CINZA | B11: =COUNTIF(Conferência!$A$4:$A$336,A11) -> 28 | C11: =COUNTIFS(Conferência!$A$4:$A$336,$A11,Conferência!$K$4:$K$336,"Confere") -> 25 | D11: =COUNTIFS(Conferência!$A$4:$A$336,$A11,Conferência!$K$4:$K$336,"Local diferente") -> 1 | E11: =COUNTIFS(Conferência!$A$4:$A$336,$A11,Conferência!$K$4:$K$336,"Letra final diferente") -> 0 | F11: =COUNTIFS(Conferência!$A$4:$A$336,$A11,Conferência!$K$4:$K$336,"Não encontrado") -> 2 | G11: =COUNTIF(Sistema!$F$2:$F$421,A11) -> 28 | H11: =COUNTIFS(Sistema!$F$2:$F$421,A11,Sistema!$H$2:$H$421,"Falta no Word") -> 3
A12: Carrinho 10 - MARROM | B12: =COUNTIF(Conferência!$A$4:$A$336,A12) -> 24 | C12: =COUNTIFS(Conferência!$A$4:$A$336,$A12,Conferência!$K$4:$K$336,"Confere") -> 24 | D12: =COUNTIFS(Conferência!$A$4:$A$336,$A12,Conferência!$K$4:$K$336,"Local diferente") -> 0 | E12: =COUNTIFS(Conferência!$A$4:$A$336,$A12,Conferência!$K$4:$K$336,"Letra final diferente") -> 0 | F12: =COUNTIFS(Conferência!$A$4:$A$336,$A12,Conferência!$K$4:$K$336,"Não encontrado") -> 0 | G12: =COUNTIF(Sistema!$F$2:$F$421,A12) -> 26 | H12: =COUNTIFS(Sistema!$F$2:$F$421,A12,Sistema!$H$2:$H$421,"Falta no Word") -> 2
A13: Carrinho 11 - PRETO | B13: =COUNTIF(Conferência!$A$4:$A$336,A13) -> 24 | C13: =COUNTIFS(Conferência!$A$4:$A$336,$A13,Conferência!$K$4:$K$336,"Confere") -> 24 | D13: =COUNTIFS(Conferência!$A$4:$A$336,$A13,Conferência!$K$4:$K$336,"Local diferente") -> 0 | E13: =COUNTIFS(Conferência!$A$4:$A$336,$A13,Conferência!$K$4:$K$336,"Letra final diferente") -> 0 | F13: =COUNTIFS(Conferência!$A$4:$A$336,$A13,Conferência!$K$4:$K$336,"Não encontrado") -> 0 | G13: =COUNTIF(Sistema!$F$2:$F$421,A13) -> 26 | H13: =COUNTIFS(Sistema!$F$2:$F$421,A13,Sistema!$H$2:$H$421,"Falta no Word") -> 2
A14: Carrinho 12 - OCRE | B14: =COUNTIF(Conferência!$A$4:$A$336,A14) -> 25 | C14: =COUNTIFS(Conferência!$A$4:$A$336,$A14,Conferência!$K$4:$K$336,"Confere") -> 23 | D14: =COUNTIFS(Conferência!$A$4:$A$336,$A14,Conferência!$K$4:$K$336,"Local diferente") -> 0 | E14: =COUNTIFS(Conferência!$A$4:$A$336,$A14,Conferência!$K$4:$K$336,"Letra final diferente") -> 0 | F14: =COUNTIFS(Conferência!$A$4:$A$336,$A14,Conferência!$K$4:$K$336,"Não encontrado") -> 2 | G14: =COUNTIF(Sistema!$F$2:$F$421,A14) -> 29 | H14: =COUNTIFS(Sistema!$F$2:$F$421,A14,Sistema!$H$2:$H$421,"Falta no Word") -> 6
A15: CARRINHO RESERVA | B15: =COUNTIF(Conferência!$A$4:$A$336,A15) -> 12 | C15: =COUNTIFS(Conferência!$A$4:$A$336,$A15,Conferência!$K$4:$K$336,"Confere") -> 10 | D15: =COUNTIFS(Conferência!$A$4:$A$336,$A15,Conferência!$K$4:$K$336,"Local diferente") -> 2 | E15: =COUNTIFS(Conferência!$A$4:$A$336,$A15,Conferência!$K$4:$K$336,"Letra final diferente") -> 0 | F15: =COUNTIFS(Conferência!$A$4:$A$336,$A15,Conferência!$K$4:$K$336,"Não encontrado") -> 0 | G15: =COUNTIF(Sistema!$F$2:$F$421,A15) -> 13 | H15: =COUNTIFS(Sistema!$F$2:$F$421,A15,Sistema!$H$2:$H$421,"Falta no Word") -> 3
A16: Carrinho 13 - CIANO | B16: =COUNTIF(Conferência!$A$4:$A$336,A16) -> 29 | C16: =COUNTIFS(Conferência!$A$4:$A$336,$A16,Conferência!$K$4:$K$336,"Confere") -> 12 | D16: =COUNTIFS(Conferência!$A$4:$A$336,$A16,Conferência!$K$4:$K$336,"Local diferente") -> 15 | E16: =COUNTIFS(Conferência!$A$4:$A$336,$A16,Conferência!$K$4:$K$336,"Letra final diferente") -> 1 | F16: =COUNTIFS(Conferência!$A$4:$A$336,$A16,Conferência!$K$4:$K$336,"Não encontrado") -> 1 | G16: =COUNTIF(Sistema!$F$2:$F$421,A16) -> 15 | H16: =COUNTIFS(Sistema!$F$2:$F$421,A16,Sistema!$H$2:$H$421,"Falta no Word") -> 2
A17: Total | B17: =SUM(B4:B16) -> 333 | C17: =SUM(C4:C16) -> 291 | D17: =SUM(D4:D16) -> 24 | E17: =SUM(E4:E16) -> 2 | F17: =SUM(F4:F16) -> 16 | G17: =SUM(G4:G16) -> 328 | H17: =SUM(H4:H16) -> 35
A19: Total de linhas na exportação do sistema | B19: =COUNTA(Sistema!D2:D421) -> 420
A20: Casos a conferir (aba Divergências) | B20: =COUNTA(Divergências!A5:A64) -> 60
A21: Já verificados | B21: =COUNTIF(Divergências!K5:K64,"Sim") -> 0
A23: Alteração combinada: o computador 22 do carrinho verde (09S29QAR109471H, patrimônio 382738), que quebrou a tela, foi tirado do Carrinho 06 e passou a constar no carrinho dos quebrados (13 ciano) como nº 29. As duas trocas já foram feitas no sistema (exportação de 20/10/2026) e conferem. No lugar dele entrou o 09S29QAR110876J (patrimônio 382780), que era o nº 11 da reserva; a reserva ficou com 12 no Word.
A24: O 'Carrinho 13 - CIANO' desta planilha é o Word dos Chromebooks quebrados (o título do Word diz 'ciano'): ele reúne equipamentos de vários carrinhos, por isso muitos aparecem como Local diferente.
A25: Como ler: nos Samsung a comparação usa o N/S sem a letra final (14 primeiros caracteres, ex.: 09S29QBR703384), e a letra final só é comparada quando o sistema também a traz. Nos Acer (N/S de 22 caracteres) compara o N/S inteiro.
A26: O N/S ditado aparece sem espaços e hífens; nada mais foi corrigido. As correções prováveis estão só nas observações.
A27: A exportação do sistema não tem coluna de patrimônio, então o patrimônio do Word não foi conferido.
A28: Os carregadores não foram conferidos.
A29: O Word do carrinho azul se chama 'Carrinho 4 azul' (as etiquetas dos Chromebooks dizem carrinho 4), mas os N/S batem com o Carrinho 01 ( AZUL) do sistema, e nenhum bate com o Carrinho 04. A planilha usa o nome do sistema.
A30: Modelo informado: carrinhos 05, 06, 07, 08 e 10 = Samsung Chromebook 4 cinza; carrinho 03 = Acer Chromebook R11 CB5-132T branco (o nº 26 é um Acer C731 preto); carrinho 13 = Samsung cinza (nº 1 a 16) e Acer preto (nº 17 a 28), com os Chromebooks quebrados; carrinhos 01, 02, 04, 12 e reserva = Acer Chromebook 11 C731 (N16Q13) preto (no 12, o nº 25 é um Samsung cinza; na reserva, do nº 10 ao 13 são Samsung cinza; o cabeçalho do Word da reserva diz 8 Acer + 4 Samsung, mas foram listados 9 Acer + 4 Samsung = 13). No sistema os Samsung variam de lote.
A31: As hipóteses nas observações são palpites: confirme na etiqueta do equipamento. Linhas em amarelo precisam de conferência.

Sheet Divergências
A1: Divergências a conferir (para verificar no final do inventário)
A2: Cada linha é um caso. Quando conferir na etiqueta, marque 'Verificado?' e anote o resultado. Palpites são só hipóteses: vale o que está na etiqueta.
A4: Caso | B4: Carrinho | C4: Nº no Word | D4: Tipo | E4: N/S no Word (ditado) | F4: Patrimônio (Word) | G4: N/S no sistema | H4: Local no sistema | I4: O que provavelmente aconteceu | J4: O que conferir | K4: Verificado? | L4: Resultado da conferência
A5: 1 | B5: Carrinho 01 | C5: 12 | D5: N/S não encontrado no sistema | E5: NXH0HAL001830D20719501 | F5: 413983 | G5: Não existe no sistema | I5: Foi ditado NXH0HAL001830D20719501. Esse N/S não existe no sistema e não é parecido com nenhum dos que sobram no Carrinho 01. Pode ser um erro de ditado maior ou um equipamento que não está cadastrado no sistema (patrimônio 413983). | J5: 1) Olhe a etiqueta do computador 12 do Carrinho 01 e confira o N/S ditado (NXH0HAL001830D20719501). 2) Se a etiqueta tiver outro N/S: foi erro de ditado. Corrija na planilha e procure o número certo no sistema. 3) Se for esse mesmo: o equipamento não está cadastrado no sistema. Avisar quem mantém o sistema. | K5: Não
A6: 2 | B6: Carrinho 01 | C6: 20 | D6: Erro provável de ditado | E6: NXH0HAL001832DD66639501 | F6: 413913 | G6: NXH0HAL001832D66639501 | H6: Carrinho 01 ( AZUL) | I6: Foi ditado NXH0HAL001832DD66639501, com 23 caracteres (um D a mais). No sistema o Carrinho 01 tem NXH0HAL001832D66639501. Deve ser o mesmo equipamento. | J6: 1) Olhe a etiqueta do computador 20 do Carrinho 01. 2) Se o N/S for NXH0HAL001832D66639501: foi só erro de ditado. O sistema está certo; corrija o número na planilha. 3) Se o N/S for outro (como NXH0HAL001832DD66639501): o cadastro do sistema está errado. Avisar quem mantém o sistema. | K6: Não
A7: 3 | B7: Carrinho 01 | C7: — | D7: Sobra no sistema (não está no Word) | E7: — | F7: — | G7: NXH0HAL001832D69D59501 | H7: Carrinho 01 ( AZUL) | I7: Está cadastrado no Carrinho 01, mas nenhum computador do Word do Carrinho 01 tem esse N/S. Ele aparece no Word do Carrinho Reserva (computador 1), então provavelmente está mesmo na reserva e só falta atualizar a localização no sistema. | J7: 1) Procure o equipamento de N/S NXH0HAL001832D69D59501. 2) Se achar em outro carrinho ou na manutenção: atualizar a localização no sistema. 3) Se não achar em lugar nenhum: registrar como não localizado. | K7: Não
A8: 4 | B8: Carrinho 03 | C8: 1 | D8: Erro provável de ditado | E8: NXG54AL00274817F47600 | F8: 408646 | G8: NXG54AL002748177F47600 | H8: Carrinho 03 ( VERMELHO - CHROME R11 - ED. IN | I8: Foi ditado NXG54AL00274817F47600, com um caractere a menos (falta um 7). No sistema o Carrinho 03 tem NXG54AL002748177F47600. Deve ser o mesmo equipamento. | J8: 1) Olhe a etiqueta do computador 1 do Carrinho 03. 2) Se o N/S for NXG54AL002748177F47600: foi só erro de ditado. O sistema está certo; corrija o número na planilha. 3) Se o N/S for outro (como NXG54AL00274817F47600): o cadastro do sistema está errado. Avisar quem mantém o sistema. | K8: Não
A9: 5 | B9: Carrinho 03 | C9: 26 | D9: Local diferente no sistema | E9: NXH0HAL001830D18D69501 | F9: 414451 | G9: NXH0HAL001830D18D69501 | H9: CARRINHO RESERVA | I9: É o Chromebook preto (Acer C731), não um dos brancos do carrinho. O sistema registra este N/S em CARRINHO RESERVA. Pode ser que ele estivesse junto do carrinho na contagem, mas pertence à reserva. | J9: 1) Confirme que o equipamento (N/S NXH0HAL001830D18D69501) está mesmo no Carrinho 03. 2) Se estiver: atualizar a localização no sistema (hoje: CARRINHO RESERVA). 3) Se não estiver: foi erro na contagem. Descubra de qual carrinho ele é e corrija a lista. | K9: Não
A10: 6 | B10: Carrinho 03 | C10: — | D10: Sobra no sistema (não está no Word) | E10: — | F10: — | G10: NXG54AL00274817ADF7600 | H10: Carrinho 03 ( VERMELHO - CHROME R11 - ED. IN | I10: Está cadastrado no Carrinho 03 (Acer branco), mas nenhum computador do Word tem esse N/S. Hipótese, pelo que você contou: está com um professor que trocou o branco pelo cinza. | J10: 1) Procure o equipamento de N/S NXG54AL00274817ADF7600. 2) Se achar em outro carrinho ou na manutenção: atualizar a localização no sistema. 3) Se não achar em lugar nenhum: registrar como não localizado. | K10: Não
A11: 7 | B11: Carrinho 03 | C11: — | D11: Sobra no sistema (não está no Word) | E11: — | F11: — | G11: NXG54AL0027430659B7600 | H11: Carrinho 03 ( VERMELHO - CHROME R11 - ED. IN | I11: Está cadastrado no Carrinho 03 (Acer branco), mas nenhum computador do Word tem esse N/S. Hipótese, pelo que você contou: está com um professor que trocou o branco pelo cinza. | J11: 1) Procure o equipamento de N/S NXG54AL0027430659B7600. 2) Se achar em outro carrinho ou na manutenção: atualizar a localização no sistema. 3) Se não achar em lugar nenhum: registrar como não localizado. | K11: Não
A12: 8 | B12: Carrinho 03 | C12: — | D12: Sobra no sistema (não está no Word) | E12: — | F12: — | G12: 09S29QBR711970 | H12: Carrinho 03 ( VERMELHO - CHROME R11 - ED. IN | I12: Está cadastrado no Carrinho 03, mas é um Samsung Chromebook 4 cinza (não um Acer branco) e não está no Word. Hipótese: é o cinza que um professor recebeu na troca pelo branco. Conferir com quem ele está. Ele aparece no Word dos Chromebooks quebrados (computador 7), então provavelmente está lá e só falta atualizar a localização no sistema. | J12: 1) Procure o equipamento de N/S 09S29QBR711970. 2) Se achar em outro carrinho ou na manutenção: atualizar a localização no sistema. 3) Se não achar em lugar nenhum: registrar como não localizado. | K12: Não
A13: 9 | B13: Carrinho 04 | C13: 4 | D13: Local diferente no sistema | E13: NXH0HAL001830D1FAB9501 | F13: 414345 | G13: NXH0HAL001830D1FAB9501 | H13: Carrinho 01 ( AZUL) | I13: O N/S existe no sistema, mas o cadastro diz que ele está no Carrinho 01 ( AZUL). Como o Word do Carrinho 01 não lista este N/S, ele provavelmente está mesmo no Carrinho 04 e só falta atualizar o cadastro. | J13: 1) Confirme que o equipamento (N/S NXH0HAL001830D1FAB9501) está mesmo no Carrinho 04. 2) Se estiver: atualizar a localização no sistema (hoje: Carrinho 01 ( AZUL)). 3) Se não estiver: foi erro na contagem. Descubra de qual carrinho ele é e corrija a lista. | K13: Não
A14: 10 | B14: Carrinho 04 | C14: 9 | D14: Erro provável de ditado | E14: NXH0HAL001838BE691A9501 | F14: 415279 | G14: NXH0HAL001838E691A9501 | H14: Carrinho 04 ( LARANJA ) | I14: Foi ditado NXH0HAL001838BE691A9501, com 23 caracteres (um B a mais). No sistema o Carrinho 04 tem NXH0HAL001838E691A9501. Deve ser o mesmo equipamento. | J14: 1) Olhe a etiqueta do computador 9 do Carrinho 04. 2) Se o N/S for NXH0HAL001838E691A9501: foi só erro de ditado. O sistema está certo; corrija o número na planilha. 3) Se o N/S for outro (como NXH0HAL001838BE691A9501): o cadastro do sistema está errado. Avisar quem mantém o sistema. | K14: Não
A15: 11 | B15: Carrinho 04 | C15: 12 | D15: Erro provável de ditado | E15: NXH0HAL001832DC459501 | F15: 415334 | G15: NXH0HAL001832D5C459501 | H15: Carrinho 04 ( LARANJA ) | I15: Foi ditado NXH0HAL001832DC459501, com 21 caracteres (falta o 5). No sistema o Carrinho 04 tem NXH0HAL001832D5C459501. Deve ser o mesmo equipamento. | J15: 1) Olhe a etiqueta do computador 12 do Carrinho 04. 2) Se o N/S for NXH0HAL001832D5C459501: foi só erro de ditado. O sistema está certo; corrija o número na planilha. 3) Se o N/S for outro (como NXH0HAL001832DC459501): o cadastro do sistema está errado. Avisar quem mantém o sistema. | K15: Não
A16: 12 | B16: Carrinho 04 | C16: 17 | D16: Erro provável de ditado | E16: NXH0HAL00183BE76A19501 | F16: 415312 | G16: NXH0HAL001838E76A19501 | H16: Carrinho 04 ( LARANJA ) | I16: Foi ditado NXH0HAL00183BE76A19501, com B no lugar de 8. No sistema o Carrinho 04 tem NXH0HAL001838E76A19501. Deve ser o mesmo equipamento. | J16: 1) Olhe a etiqueta do computador 17 do Carrinho 04. 2) Se o N/S for NXH0HAL001838E76A19501: foi só erro de ditado. O sistema está certo; corrija o número na planilha. 3) Se o N/S for outro (como NXH0HAL00183BE76A19501): o cadastro do sistema está errado. Avisar quem mantém o sistema. | K16: Não
A17: 13 | B17: Carrinho 04 | C17: 20 | D17: Erro provável de ditado | E17: NXH0HAL00183BE693B9501 | F17: 415264 | G17: NXH0HAL001838E69389501 | H17: Carrinho 04 ( LARANJA ) | I17: Foi ditado NXH0HAL00183BE693B9501, com dois B no lugar de 8. No sistema o Carrinho 04 tem NXH0HAL001838E69389501. Deve ser o mesmo equipamento. | J17: 1) Olhe a etiqueta do computador 20 do Carrinho 04. 2) Se o N/S for NXH0HAL001838E69389501: foi só erro de ditado. O sistema está certo; corrija o número na planilha. 3) Se o N/S for outro (como NXH0HAL00183BE693B9501): o cadastro do sistema está errado. Avisar quem mantém o sistema. | K17: Não
A18: 14 | B18: Carrinho 04 | C18: 21 | D18: Local diferente no sistema | E18: NXH0HAL001838E68629501 | F18: 415371 | G18: NXH0HAL001838E68629501 | H18: Carrinho 09 - BORDÔ | I18: O N/S existe no sistema, mas o cadastro diz que ele está no Carrinho 09 - BORDÔ. Pode ter mudado de carrinho sem atualizar o sistema, ou ter sido trocado por outro equipamento do Carrinho 04. | J18: 1) Confirme que o equipamento (N/S NXH0HAL001838E68629501) está mesmo no Carrinho 04. 2) Se estiver: atualizar a localização no sistema (hoje: Carrinho 09 - BORDÔ). 3) Se não estiver: foi erro na contagem. Descubra de qual carrinho ele é e corrija a lista. | K18: Não
A19: 15 | B19: Carrinho 04 | C19: 23 | D19: Erro provável de ditado | E19: NXH0HAL001838E74D9501 | F19: 415307 | G19: NXH0HAL001838E748D9501 | H19: Carrinho 04 ( LARANJA ) | I19: Foi ditado NXH0HAL001838E74D9501, com 21 caracteres (falta o 8). No sistema o Carrinho 04 tem NXH0HAL001838E748D9501. Deve ser o mesmo equipamento. | J19: 1) Olhe a etiqueta do computador 23 do Carrinho 04. 2) Se o N/S for NXH0HAL001838E748D9501: foi só erro de ditado. O sistema está certo; corrija o número na planilha. 3) Se o N/S for outro (como NXH0HAL001838E74D9501): o cadastro do sistema está errado. Avisar quem mantém o sistema. | K19: Não
A20: 16 | B20: Carrinho 04 | C20: — | D20: Sobra no sistema (não está no Word) | E20: — | F20: — | G20: NXH0HAL001838E69669501 | H20: Carrinho 04 ( LARANJA ) | I20: Está cadastrado no Carrinho 04, mas nenhum computador do Word tem esse N/S. Ele também não está no Word do Carrinho 01. Hipótese: foi trocado de carrinho com o computador 21 do Word, cadastrado no Carrinho 09. Confira quando chegar ao Carrinho 09. Ele aparece no Word dos Chromebooks quebrados (computador 17), então provavelmente está lá e só falta atualizar a localização no sistema. | J20: 1) Procure o equipamento de N/S NXH0HAL001838E69669501. 2) Se achar em outro carrinho ou na manutenção: atualizar a localização no sistema. 3) Se não achar em lugar nenhum: registrar como não localizado. | K20: Não
A21: 17 | B21: Carrinho 05 | C21: 2 | D21: Local diferente no sistema | E21: 09S29QANC07347V | F21: 382911 | G21: 09S29QANC07347V | H21: Carrinho 12 - OCRE | I21: O N/S existe no sistema, mas o cadastro diz que ele está no Carrinho 12 - OCRE. Como o Word do Carrinho 12 também não lista este N/S, ele provavelmente está mesmo no Carrinho 05 e só falta atualizar o cadastro. | J21: 1) Confirme que o equipamento (N/S 09S29QANC07347) está mesmo no Carrinho 05. 2) Se estiver: atualizar a localização no sistema (hoje: Carrinho 12 - OCRE ). 3) Se não estiver: foi erro na contagem. Descubra de qual carrinho ele é e corrija a lista. | K21: Não
A22: 18 | B22: Carrinho 05 | C22: — | D22: Sobra no sistema (não está no Word) | E22: — | F22: — | G22: 09S29QAR109513J | H22: Carrinho 05 ( ROXO) | I22: Está cadastrado no Carrinho 05, mas nenhum computador do Word tem esse N/S. Ele também não está no Word do Carrinho 12. Hipótese: está com um professor que trocou o Chromebook branco pelo cinza, ou em um carrinho que ainda não foi conferido. Ele aparece no Word dos Chromebooks quebrados (computador 14), então provavelmente está lá e só falta atualizar a localização no sistema. | J22: 1) Procure o equipamento de N/S 09S29QAR109513J. 2) Se achar em outro carrinho ou na manutenção: atualizar a localização no sistema. 3) Se não achar em lugar nenhum: registrar como não localizado. | K22: Não
A23: 19 | B23: Carrinho 07 | C23: 1 | D23: Local diferente no sistema | E23: 09S29QBR712609M | F23: 503621 | G23: 09S29QBR712609 | H23: Não Alocado | I23: O N/S existe no sistema, mas o cadastro diz que ele está em outro lugar (Não Alocado). Provavelmente o equipamento foi colocado no carrinho e a localização não foi atualizada. | J23: 1) Confirme que o equipamento (N/S 09S29QBR712609) está mesmo no Carrinho 07. 2) Se estiver: atualizar a localização no sistema (hoje: Não Alocado). 3) Se não estiver: foi erro na contagem. Descubra de qual carrinho ele é e corrija a lista. | K23: Não
A24: 20 | B24: Carrinho 07 | C24: 10 | D24: Erro provável de ditado | E24: 09S29QBR096225X | F24: 508254 | G24: 09S29QBR906225 | H24: Carrinho 07 - ROSA | I24: Foi ditado 096225, mas no sistema o Carrinho 07 tem 906225 (o 0 e o 9 trocaram de lugar). Deve ser o mesmo equipamento. | J24: 1) Olhe a etiqueta do computador 10 do Carrinho 07. 2) Se o N/S for 09S29QBR906225: foi só erro de ditado. O sistema está certo; corrija o número na planilha. 3) Se o N/S for outro (como 09S29QBR096225X): o cadastro do sistema está errado. Avisar quem mantém o sistema. | K24: Não
A25: 21 | B25: Carrinho 07 | C25: 14 | D25: Local diferente no sistema | E25: 09S29QBR702099V | F25: 505200 | G25: 09S29QBR702099 | H25: Carrinho 13 - CIANO | I25: O N/S existe no sistema, mas o cadastro diz que ele está no Carrinho 13 - CIANO. Ou o equipamento mudou de carrinho e o sistema não foi atualizado, ou a contagem pegou um equipamento de outro carrinho. | J25: 1) Confirme que o equipamento (N/S 09S29QBR702099) está mesmo no Carrinho 07. 2) Se estiver: atualizar a localização no sistema (hoje: Carrinho 13 - CIANO). 3) Se não estiver: foi erro na contagem. Descubra de qual carrinho ele é e corrija a lista. | K25: Não
A26: 22 | B26: Carrinho 07 | C26: 17 | D26: Erro provável de ditado | E26: 09S29QB906223V | F26: 508233 | G26: 09S29QBR906223 | H26: Carrinho 07 - ROSA | I26: Foi ditado 'qb 9 06223', sem o R. No sistema o Carrinho 07 tem QBR906223. Deve ser o mesmo equipamento. | J26: 1) Olhe a etiqueta do computador 17 do Carrinho 07. 2) Se o N/S for 09S29QBR906223: foi só erro de ditado. O sistema está certo; corrija o número na planilha. 3) Se o N/S for outro (como 09S29QB906223V): o cadastro do sistema está errado. Avisar quem mantém o sistema. | K26: Não
A27: 23 | B27: Carrinho 07 | C27: 23 | D27: Letra final diferente | E27: 09S29QANC07195B | F27: 382906 | G27: 09S29QANC07195D | H27: Carrinho 07 - ROSA | I27: O número bate com o sistema, mas a letra final do ditado (B) é diferente da do sistema (D). | J27: 1) Olhe a última letra da etiqueta do computador 23 do Carrinho 07. 2) Se for a do sistema: foi erro de ditado, corrija a letra na planilha. 3) Se for a do ditado: o cadastro do sistema está errado. Avisar quem mantém o sistema. | K27: Não
A28: 24 | B28: Carrinho 07 | C28: 31 | D28: Erro provável de ditado | E28: 09S29QUEBR811879T | F28: 503655 | G28: 09S29QBR811879 | H28: Carrinho 07 - ROSA | I28: Foi ditado 'que BR 811879' (o ditado entendeu QUEBR). No sistema o Carrinho 07 tem QBR811879. Deve ser o mesmo equipamento. | J28: 1) Olhe a etiqueta do computador 31 do Carrinho 07. 2) Se o N/S for 09S29QBR811879: foi só erro de ditado. O sistema está certo; corrija o número na planilha. 3) Se o N/S for outro (como 09S29QUEBR811879T): o cadastro do sistema está errado. Avisar quem mantém o sistema. | K28: Não
A29: 25 | B29: Carrinho 08 | C29: 1 | D29: Erro provável de ditado | E29: 09S29QBR700216N | F29: 505069 | G29: 09S29QAR700216 | H29: Carrinho 08 - CINZA | I29: Foi ditado QBR700216, mas no sistema o Carrinho 08 tem QAR700216 (QAR no lugar de QBR). Pode ser erro de ditado ou erro de digitação no cadastro. | J29: 1) Olhe a etiqueta do computador 1 do Carrinho 08. 2) Se o N/S for 09S29QAR700216: foi só erro de ditado. O sistema está certo; corrija o número na planilha. 3) Se o N/S for outro (como 09S29QBR700216N): o cadastro do sistema está errado. Avisar quem mantém o sistema. | K29: Não
A30: 26 | B30: Carrinho 08 | C30: 8 | D30: Erro provável de ditado | E30: 09S29QBR011410F | F30: 503696 | G30: 09S29QBR811410 | H30: Carrinho 08 - CINZA | I30: Foi ditado 011410, mas no sistema o Carrinho 08 tem 811410 (0 no lugar de 8). Provável erro de ditado. | J30: 1) Olhe a etiqueta do computador 8 do Carrinho 08. 2) Se o N/S for 09S29QBR811410: foi só erro de ditado. O sistema está certo; corrija o número na planilha. 3) Se o N/S for outro (como 09S29QBR011410F): o cadastro do sistema está errado. Avisar quem mantém o sistema. | K30: Não
A31: 27 | B31: Carrinho 08 | C31: 10 | D31: Local diferente no sistema | E31: 09S29QBR812708M | F31: 503623 | G31: 09S29QBR812708 | H31: Carrinho 11 - PRETO | I31: O N/S existe no sistema, mas o cadastro diz que ele está no Carrinho 11 - PRETO. Pode ter mudado de carrinho sem atualizar o sistema. | J31: 1) Confirme que o equipamento (N/S 09S29QBR812708) está mesmo no Carrinho 08. 2) Se estiver: atualizar a localização no sistema (hoje: Carrinho 11 - PRETO). 3) Se não estiver: foi erro na contagem. Descubra de qual carrinho ele é e corrija a lista. | K31: Não
A32: 28 | B32: Carrinho 08 | C32: — | D32: Sobra no sistema (não está no Word) | E32: — | F32: — | G32: 09S29QAR110966J | H32: Carrinho 08 - CINZA | I32: Está cadastrado no Carrinho 08, mas nenhum computador do Word tem esse N/S. Pode estar em outro carrinho, na manutenção ou faltando. Hipótese: foi trocado de carrinho com o 812708M (computador 10 do Carrinho 08, cadastrado no Carrinho 11). Confira isso quando fizer o Carrinho 11. Ele aparece no Word dos Chromebooks quebrados (computador 4), então provavelmente está lá e só falta atualizar a localização no sistema. | J32: 1) Procure o equipamento de N/S 09S29QAR110966J. 2) Se achar em outro carrinho ou na manutenção: atualizar a localização no sistema. 3) Se não achar em lugar nenhum: registrar como não localizado. | K32: Não
A33: 29 | B33: Carrinho 10 | C33: — | D33: Sobra no sistema (não está no Word) | E33: — | F33: — | G33: 09S29QBR722559 | H33: Carrinho 10 - MARROM | I33: Está cadastrado no Carrinho 10, mas nenhum computador do Word tem esse N/S (o Word tem 24 Chromebooks e o sistema tem 26). Hipótese: é um dos Samsung cinza entregues aos professores na troca pelo branco, como o 09S29QBR711970 do Carrinho 03. Confira com os professores. | J33: 1) Procure o equipamento de N/S 09S29QBR722559. 2) Se achar em outro carrinho ou na manutenção: atualizar a localização no sistema. 3) Se não achar em lugar nenhum: registrar como não localizado. | K33: Não
A34: 30 | B34: Carrinho 10 | C34: — | D34: Sobra no sistema (não está no Word) | E34: — | F34: — | G34: 09S29QBR702226 | H34: Carrinho 10 - MARROM | I34: Está cadastrado no Carrinho 10, mas nenhum computador do Word tem esse N/S (o Word tem 24 Chromebooks e o sistema tem 26). Hipótese: é um dos Samsung cinza entregues aos professores na troca pelo branco, como o 09S29QBR711970 do Carrinho 03. Confira com os professores. Ele aparece no Word dos Chromebooks quebrados (computador 6), então provavelmente está lá e só falta atualizar a localização no sistema. | J34: 1) Procure o equipamento de N/S 09S29QBR702226. 2) Se achar em outro carrinho ou na manutenção: atualizar a localização no sistema. 3) Se não achar em lugar nenhum: registrar como não localizado. | K34: Não
A35: 31 | B35: Carrinho 12 | C35: 1 | D35: Erro provável de ditado | E35: NXH0HAL001838E68C9501 | F35: 415274 | G35: NXH0HAL001838E68C29501 | H35: Carrinho 12 - OCRE | I35: Foi ditado NXH0HAL001838E68C9501, com 21 caracteres (falta o 2). No sistema o Carrinho 12 tem NXH0HAL001838E68C29501. Deve ser o mesmo equipamento. | J35: 1) Olhe a etiqueta do computador 1 do Carrinho 12. 2) Se o N/S for NXH0HAL001838E68C29501: foi só erro de ditado. O sistema está certo; corrija o número na planilha. 3) Se o N/S for outro (como NXH0HAL001838E68C9501): o cadastro do sistema está errado. Avisar quem mantém o sistema. | K35: Não
A36: 32 | B36: Carrinho 12 | C36: 12 | D36: Erro provável de ditado | E36: NXH0HAL001830EDC819501 | F36: 416497 | G36: NXH0HAL001839EDC819501 | H36: Carrinho 12 - OCRE | I36: Foi ditado NXH0HAL001830EDC819501, com 0 no lugar de 9. No sistema o Carrinho 12 tem NXH0HAL001839EDC819501. Deve ser o mesmo equipamento. | J36: 1) Olhe a etiqueta do computador 12 do Carrinho 12. 2) Se o N/S for NXH0HAL001839EDC819501: foi só erro de ditado. O sistema está certo; corrija o número na planilha. 3) Se o N/S for outro (como NXH0HAL001830EDC819501): o cadastro do sistema está errado. Avisar quem mantém o sistema. | K36: Não
A37: 33 | B37: Carrinho 12 | C37: — | D37: Sobra no sistema (não está no Word) | E37: — | F37: — | G37: NXH0HAL001838E7BC19501 | H37: Carrinho 12 - OCRE | I37: Está cadastrado no Carrinho 12, mas nenhum computador do Word tem esse N/S. Pode estar em outro carrinho que ainda não foi conferido ou ter mudado de lugar sem atualizar o sistema. Confira quando chegar aos carrinhos 09, 11 e 13. Ele aparece no Word dos Chromebooks quebrados (computador 27), então provavelmente está lá e só falta atualizar a localização no sistema. | J37: 1) Procure o equipamento de N/S NXH0HAL001838E7BC19501. 2) Se achar em outro carrinho ou na manutenção: atualizar a localização no sistema. 3) Se não achar em lugar nenhum: registrar como não localizado. | K37: Não
A38: 34 | B38: Carrinho 12 | C38: — | D38: Sobra no sistema (não está no Word) | E38: — | F38: — | G38: NXH0HAL001838E71669501 | H38: Carrinho 12 - OCRE | I38: Está cadastrado no Carrinho 12, mas nenhum computador do Word tem esse N/S. Pode estar em outro carrinho que ainda não foi conferido ou ter mudado de lugar sem atualizar o sistema. Confira quando chegar aos carrinhos 09, 11 e 13. Ele aparece no Word dos Chromebooks quebrados (computador 24), então provavelmente está lá e só falta atualizar a localização no sistema. | J38: 1) Procure o equipamento de N/S NXH0HAL001838E71669501. 2) Se achar em outro carrinho ou na manutenção: atualizar a localização no sistema. 3) Se não achar em lugar nenhum: registrar como não localizado. | K38: Não
A39: 35 | B39: Carrinho 12 | C39: — | D39: Sobra no sistema (não está no Word) | E39: — | F39: — | G39: NXH0HAL001838E76A89501 | H39: Carrinho 12 - OCRE | I39: Está cadastrado no Carrinho 12, mas nenhum computador do Word tem esse N/S. Pode estar em outro carrinho que ainda não foi conferido ou ter mudado de lugar sem atualizar o sistema. Confira quando chegar aos carrinhos 09, 11 e 13. Ele aparece no Word dos Chromebooks quebrados (computador 19), então provavelmente está lá e só falta atualizar a localização no sistema. | J39: 1) Procure o equipamento de N/S NXH0HAL001838E76A89501. 2) Se achar em outro carrinho ou na manutenção: atualizar a localização no sistema. 3) Se não achar em lugar nenhum: registrar como não localizado. | K39: Não
A40: 36 | B40: Carrinho 11 | C40: — | D40: Sobra no sistema (não está no Word) | E40: — | F40: — | G40: 09S29QBR812708 | H40: Carrinho 11 - PRETO | I40: Está cadastrado no Carrinho 11, mas nenhum computador do Word tem esse N/S. Pode estar com um professor (troca do branco pelo cinza) ou em um carrinho ainda não conferido (09, 13, reserva). Confira fisicamente. | J40: 1) Procure o equipamento de N/S 09S29QBR812708. 2) Se achar em outro carrinho ou na manutenção: atualizar a localização no sistema. 3) Se não achar em lugar nenhum: registrar como não localizado. | K40: Não
A41: 37 | B41: Carrinho 11 | C41: — | D41: Sobra no sistema (não está no Word) | E41: — | F41: — | G41: 09S29QBR712220 | H41: Carrinho 11 - PRETO | I41: Está cadastrado no Carrinho 11, mas nenhum computador do Word tem esse N/S. Pode estar com um professor (troca do branco pelo cinza) ou em um carrinho ainda não conferido (09, 13, reserva). Confira fisicamente. Ele aparece no Word dos Chromebooks quebrados (computador 3), então provavelmente está lá e só falta atualizar a localização no sistema. | J41: 1) Procure o equipamento de N/S 09S29QBR712220. 2) Se achar em outro carrinho ou na manutenção: atualizar a localização no sistema. 3) Se não achar em lugar nenhum: registrar como não localizado. | K41: Não
A42: 38 | B42: Carrinho Reserva | C42: 1 | D42: Local diferente no sistema | E42: NXH0HAL001832D69D59501 | F42: 414905 | G42: NXH0HAL001832D69D59501 | H42: Carrinho 01 ( AZUL) | I42: O N/S existe no sistema, mas o cadastro diz que ele está no Carrinho 01 ( AZUL). Como o Word do Carrinho 01 não lista este N/S, ele provavelmente está na reserva e só falta atualizar a localização. | J42: 1) Confirme que o equipamento (N/S NXH0HAL001832D69D59501) está mesmo no Carrinho Reserva. 2) Se estiver: atualizar a localização no sistema (hoje: Carrinho 01 ( AZUL)). 3) Se não estiver: foi erro na contagem. Descubra de qual carrinho ele é e corrija a lista. | K42: Não
A43: 39 | B43: Carrinho Reserva | C43: 3 | D43: Local diferente no sistema | E43: NXH0HAL001839ED8399501 | F43: 416838 | G43: NXH0HAL001839ED8399501 | H43: Não Alocado | I43: O N/S existe no sistema, mas o cadastro diz que ele está como Não Alocado. Provavelmente o equipamento está na reserva e a localização não foi atualizada. | J43: 1) Confirme que o equipamento (N/S NXH0HAL001839ED8399501) está mesmo no Carrinho Reserva. 2) Se estiver: atualizar a localização no sistema (hoje: Não Alocado). 3) Se não estiver: foi erro na contagem. Descubra de qual carrinho ele é e corrija a lista. | K43: Não
A44: 40 | B44: Carrinho Reserva | C44: — | D44: Sobra no sistema (não está no Word) | E44: — | F44: — | G44: NXH0HAL001830D18D69501 | H44: CARRINHO RESERVA | I44: Está cadastrado na reserva, mas nenhum computador do Word tem esse N/S. É um Acer com N/S parecido com o do computador 2 do Word (NXH0HAL001830D1F789501), que também está no sistema: confira se são dois equipamentos ou se um foi ditado errado. | J44: 1) Procure o equipamento de N/S NXH0HAL001830D18D69501. 2) Se achar em outro carrinho ou na manutenção: atualizar a localização no sistema. 3) Se não achar em lugar nenhum: registrar como não localizado. | K44: Não
A45: 41 | B45: Carrinho Reserva | C45: — | D45: Sobra no sistema (não está no Word) | E45: — | F45: — | G45: 09S29QAR110887M | H45: CARRINHO RESERVA | I45: Está cadastrado na reserva, mas nenhum computador do Word tem esse N/S. Pode estar com um professor ou em outro carrinho ainda não conferido. Confira fisicamente. Ele aparece no Word dos Chromebooks quebrados (computador 1), então provavelmente está lá e só falta atualizar a localização no sistema. | J45: 1) Procure o equipamento de N/S 09S29QAR110887M. 2) Se achar em outro carrinho ou na manutenção: atualizar a localização no sistema. 3) Se não achar em lugar nenhum: registrar como não localizado. | K45: Não
A46: 42 | B46: Carrinho Reserva | C46: — | D46: Sobra no sistema (não está no Word) | E46: — | F46: — | G46: 09S29QBNC00260N | H46: CARRINHO RESERVA | I46: Está cadastrado na reserva, mas nenhum computador do Word tem esse N/S. Pode estar com um professor ou em outro carrinho ainda não conferido. Confira fisicamente. Ele aparece no Word dos Chromebooks quebrados (computador 2), então provavelmente está lá e só falta atualizar a localização no sistema. | J46: 1) Procure o equipamento de N/S 09S29QBNC00260N. 2) Se achar em outro carrinho ou na manutenção: atualizar a localização no sistema. 3) Se não achar em lugar nenhum: registrar como não localizado. | K46: Não
A47: 43 | B47: Carrinho 13 (quebrados) | C47: 11 | D47: Erro provável de ditado | E47: 09S29QAR150922B | F47: 382687 | G47: 09S29QAR110922E | H47: Carrinho 13 - CIANO | I47: Foi ditado 09S29QAR150922B. No sistema o Carrinho 13 - CIANO tem 09S29QAR110922E, que não aparece em nenhum outro Word: difere por um dígito (5 no lugar de 1) e pela letra final (B no lugar de E). Provável erro de ditado: conferir a etiqueta. | J47: 1) Olhe a etiqueta do computador 11 do Carrinho 13 (quebrados). 2) Se o N/S for 09S29QAR110922E: foi só erro de ditado. O sistema está certo; corrija o número na planilha. 3) Se o N/S for outro (como 09S29QAR150922B): o cadastro do sistema está errado. Avisar quem mantém o sistema. | K47: Não
A48: 44 | B48: Carrinho 13 (quebrados) | C48: 15 | D48: Letra final diferente | E48: 09S29QAR1111000 | F48: 382855 | G48: 09S29QAR111100D | H48: Carrinho 13 - CIANO | I48: O número bate com o sistema, mas a letra final do ditado (0, zero) é diferente da do sistema (D). Provável erro de ditado: conferir a etiqueta. | J48: 1) Olhe a última letra da etiqueta do computador 15 do Carrinho 13 (quebrados). 2) Se for a do sistema: foi erro de ditado, corrija a letra na planilha. 3) Se for a do ditado: o cadastro do sistema está errado. Avisar quem mantém o sistema. | K48: Não
A49: 45 | B49: Carrinho 13 (quebrados) | C49: — | D49: Sobra no sistema (não está no Word) | E49: — | F49: — | G49: 09S29QBR702099 | H49: Carrinho 13 - CIANO | I49: Está cadastrado no Carrinho 13 - CIANO, mas nenhum computador do Word dos quebrados tem esse N/S, e ele também não apareceu em nenhum outro Word. Pode estar com um professor ou ter sido descartado sem baixa no sistema. Confira fisicamente. | J49: 1) Procure o equipamento de N/S 09S29QBR702099. 2) Se achar em outro carrinho ou na manutenção: atualizar a localização no sistema. 3) Se não achar em lugar nenhum: registrar como não localizado. | K49: Não
A50: 46 | B50: Carrinho 13 (quebrados) | C50: 1 | D50: Local diferente no sistema | E50: 09S29QAR110887M | F50: 382852 | G50: 09S29QAR110887M | H50: CARRINHO RESERVA | I50: O N/S existe no sistema, mas o cadastro diz que ele está em 'CARRINHO RESERVA'. Ele foi encontrado no carrinho dos Chromebooks quebrados (lista que você ditou como 'ciano'). Provavelmente foi retirado de lá e a localização não foi atualizada no sistema. | J50: 1) Confirme que o equipamento (N/S 09S29QAR110887) está mesmo no Carrinho 13 (quebrados). 2) Se estiver: atualizar a localização no sistema (hoje: CARRINHO RESERVA). 3) Se não estiver: foi erro na contagem. Descubra de qual carrinho ele é e corrija a lista. | K50: Não
A51: 47 | B51: Carrinho 13 (quebrados) | C51: 2 | D51: Local diferente no sistema | E51: 09S29QBNC00260N | F51: 382437 | G51: 09S29QBNC00260N | H51: CARRINHO RESERVA | I51: O N/S existe no sistema, mas o cadastro diz que ele está em 'CARRINHO RESERVA'. Ele foi encontrado no carrinho dos Chromebooks quebrados (lista que você ditou como 'ciano'). Provavelmente foi retirado de lá e a localização não foi atualizada no sistema. | J51: 1) Confirme que o equipamento (N/S 09S29QBNC00260) está mesmo no Carrinho 13 (quebrados). 2) Se estiver: atualizar a localização no sistema (hoje: CARRINHO RESERVA). 3) Se não estiver: foi erro na contagem. Descubra de qual carrinho ele é e corrija a lista. | K51: Não
A52: 48 | B52: Carrinho 13 (quebrados) | C52: 3 | D52: Local diferente no sistema | E52: 09S29QBR712220W | F52: 503610 | G52: 09S29QBR712220 | H52: Carrinho 11 - PRETO | I52: O N/S existe no sistema, mas o cadastro diz que ele está em 'Carrinho 11 - PRETO'. Ele foi encontrado no carrinho dos Chromebooks quebrados (lista que você ditou como 'ciano'). Provavelmente foi retirado de lá e a localização não foi atualizada no sistema. | J52: 1) Confirme que o equipamento (N/S 09S29QBR712220) está mesmo no Carrinho 13 (quebrados). 2) Se estiver: atualizar a localização no sistema (hoje: Carrinho 11 - PRETO). 3) Se não estiver: foi erro na contagem. Descubra de qual carrinho ele é e corrija a lista. | K52: Não
A53: 49 | B53: Carrinho 13 (quebrados) | C53: 4 | D53: Local diferente no sistema | E53: 09S29QAR110966J | F53: 382697 | G53: 09S29QAR110966J | H53: Carrinho 08 - CINZA | I53: O N/S existe no sistema, mas o cadastro diz que ele está em 'Carrinho 08 - CINZA'. Ele foi encontrado no carrinho dos Chromebooks quebrados (lista que você ditou como 'ciano'). Provavelmente foi retirado de lá e a localização não foi atualizada no sistema. | J53: 1) Confirme que o equipamento (N/S 09S29QAR110966) está mesmo no Carrinho 13 (quebrados). 2) Se estiver: atualizar a localização no sistema (hoje: Carrinho 08 - CINZA). 3) Se não estiver: foi erro na contagem. Descubra de qual carrinho ele é e corrija a lista. | K53: Não
A54: 50 | B54: Carrinho 13 (quebrados) | C54: 6 | D54: Local diferente no sistema | E54: 09S29QBR702226H | F54: 505091 | G54: 09S29QBR702226 | H54: Carrinho 10 - MARROM | I54: O N/S existe no sistema, mas o cadastro diz que ele está em 'Carrinho 10 - MARROM'. Ele foi encontrado no carrinho dos Chromebooks quebrados (lista que você ditou como 'ciano'). Provavelmente foi retirado de lá e a localização não foi atualizada no sistema. | J54: 1) Confirme que o equipamento (N/S 09S29QBR702226) está mesmo no Carrinho 13 (quebrados). 2) Se estiver: atualizar a localização no sistema (hoje: Carrinho 10 - MARROM). 3) Se não estiver: foi erro na contagem. Descubra de qual carrinho ele é e corrija a lista. | K54: Não
A55: 51 | B55: Carrinho 13 (quebrados) | C55: 7 | D55: Local diferente no sistema | E55: 09S29QBR711970X | F55: 503606 | G55: 09S29QBR711970 | H55: Carrinho 03 ( VERMELHO - CHROME R11 - ED. IN | I55: O N/S existe no sistema, mas o cadastro diz que ele está em 'Carrinho 03 ( VERMELHO - CHROME R11 - ED. IN'. Ele foi encontrado no carrinho dos Chromebooks quebrados (lista que você ditou como 'ciano'). Provavelmente foi retirado de lá e a localização não foi atualizada no sistema. | J55: 1) Confirme que o equipamento (N/S 09S29QBR711970) está mesmo no Carrinho 13 (quebrados). 2) Se estiver: atualizar a localização no sistema (hoje: Carrinho 03 ( VERMELHO - CHROME R11 - ED. IN). 3) Se não estiver: foi erro na contagem. Descubra de qual carrinho ele é e corrija a lista. | K55: Não
A56: 52 | B56: Carrinho 13 (quebrados) | C56: 8 | D56: Local diferente no sistema | E56: 09S29QAR110716H | F56: 382712 | G56: 09S29QAR110716H | H56: MANUTENÇÃO - 2025 -SALA COFRE | I56: O N/S existe no sistema, mas o cadastro diz que ele está em 'MANUTENÇÃO - 2025 -SALA COFRE'. Ele foi encontrado no carrinho dos Chromebooks quebrados (lista que você ditou como 'ciano'). Provavelmente foi retirado de lá e a localização não foi atualizada no sistema. | J56: 1) Confirme que o equipamento (N/S 09S29QAR110716) está mesmo no Carrinho 13 (quebrados). 2) Se estiver: atualizar a localização no sistema (hoje: MANUTENÇÃO - 2025 -SALA COFRE ). 3) Se não estiver: foi erro na contagem. Descubra de qual carrinho ele é e corrija a lista. | K56: Não
A57: 53 | B57: Carrinho 13 (quebrados) | C57: 13 | D57: Local diferente no sistema | E57: 09S29QBR707480M | F57: 503730 | G57: 09S29QBR707480 | H57: Carrinho 10 - MARROM | I57: O N/S existe no sistema, mas o cadastro diz que ele está em 'Carrinho 10 - MARROM'. Ele foi encontrado no carrinho dos Chromebooks quebrados (lista que você ditou como 'ciano'). Provavelmente foi retirado de lá e a localização não foi atualizada no sistema. ATENÇÃO: o Word do Carrinho 10 (computador 14) tem o mesmo número 09S29QBR707480, mas com a letra final N; aqui foi ditado M. Provavelmente é o mesmo equipamento contado duas vezes (ou a letra foi ditada errado em um dos Words): confira a etiqueta. | J57: 1) Confirme que o equipamento (N/S 09S29QBR707480) está mesmo no Carrinho 13 (quebrados). 2) Se estiver: atualizar a localização no sistema (hoje: Carrinho 10 - MARROM). 3) Se não estiver: foi erro na contagem. Descubra de qual carrinho ele é e corrija a lista. | K57: Não
A58: 54 | B58: Carrinho 13 (quebrados) | C58: 14 | D58: Local diferente no sistema | E58: 09S29QAR109513J | F58: 382748 | G58: 09S29QAR109513J | H58: Carrinho 05 ( ROXO) | I58: O N/S existe no sistema, mas o cadastro diz que ele está em 'Carrinho 05 ( ROXO)'. Ele foi encontrado no carrinho dos Chromebooks quebrados (lista que você ditou como 'ciano'). Provavelmente foi retirado de lá e a localização não foi atualizada no sistema. | J58: 1) Confirme que o equipamento (N/S 09S29QAR109513) está mesmo no Carrinho 13 (quebrados). 2) Se estiver: atualizar a localização no sistema (hoje: Carrinho 05 ( ROXO)). 3) Se não estiver: foi erro na contagem. Descubra de qual carrinho ele é e corrija a lista. | K58: Não
A59: 55 | B59: Carrinho 13 (quebrados) | C59: 17 | D59: Local diferente no sistema | E59: NXH0HAL001838E69669501 | F59: 415322 | G59: NXH0HAL001838E69669501 | H59: Carrinho 04 ( LARANJA ) | I59: O N/S existe no sistema, mas o cadastro diz que ele está em 'Carrinho 04 ( LARANJA )'. Ele foi encontrado no carrinho dos Chromebooks quebrados (lista que você ditou como 'ciano'). Provavelmente foi retirado de lá e a localização não foi atualizada no sistema. | J59: 1) Confirme que o equipamento (N/S NXH0HAL001838E69669501) está mesmo no Carrinho 13 (quebrados). 2) Se estiver: atualizar a localização no sistema (hoje: Carrinho 04 ( LARANJA )). 3) Se não estiver: foi erro na contagem. Descubra de qual carrinho ele é e corrija a lista. | K59: Não
A60: 56 | B60: Carrinho 13 (quebrados) | C60: 19 | D60: Local diferente no sistema | E60: NXH0HAL001838E76A89501 | F60: 415383 | G60: NXH0HAL001838E76A89501 | H60: Carrinho 12 - OCRE | I60: O N/S existe no sistema, mas o cadastro diz que ele está em 'Carrinho 12 - OCRE'. Ele foi encontrado no carrinho dos Chromebooks quebrados (lista que você ditou como 'ciano'). Provavelmente foi retirado de lá e a localização não foi atualizada no sistema. | J60: 1) Confirme que o equipamento (N/S NXH0HAL001838E76A89501) está mesmo no Carrinho 13 (quebrados). 2) Se estiver: atualizar a localização no sistema (hoje: Carrinho 12 - OCRE ). 3) Se não estiver: foi erro na contagem. Descubra de qual carrinho ele é e corrija a lista. | K60: Não
A61: 57 | B61: Carrinho 13 (quebrados) | C61: 23 | D61: Local diferente no sistema | E61: NXH0HAL001838E738F9501 | F61: 415326 | G61: NXH0HAL001838E738F9501 | H61: MANUTENÇÃO - 2025 -SALA COFRE | I61: O N/S existe no sistema, mas o cadastro diz que ele está em 'MANUTENÇÃO - 2025 -SALA COFRE'. Ele foi encontrado no carrinho dos Chromebooks quebrados (lista que você ditou como 'ciano'). Provavelmente foi retirado de lá e a localização não foi atualizada no sistema. | J61: 1) Confirme que o equipamento (N/S NXH0HAL001838E738F9501) está mesmo no Carrinho 13 (quebrados). 2) Se estiver: atualizar a localização no sistema (hoje: MANUTENÇÃO - 2025 -SALA COFRE ). 3) Se não estiver: foi erro na contagem. Descubra de qual carrinho ele é e corrija a lista. | K61: Não
... A64: 60 | B64: Carrinho 13 (quebrados) | C64: 27 | D64: Local diferente no sistema | E64: NXH0HAL001838E7BC19501 | F64: 414354 | G64: NXH0HAL001838E7BC19501 | H64: Carrinho 12 - OCRE | I64: O N/S existe no sistema, mas o cadastro diz que ele está em 'Carrinho 12 - OCRE'. Ele foi encontrado no carrinho dos Chromebooks quebrados (lista que você ditou como 'ciano'). Provavelmente foi retirado de lá e a localização não foi atualizada no sistema. | J64: 1) Confirme que o equipamento (N/S NXH0HAL001838E7BC19501) está mesmo no Carrinho 13 (quebrados). 2) Se estiver: atualizar a localização no sistema (hoje: Carrinho 12 - OCRE ). 3) Se não estiver: foi erro na contagem. Descubra de qual carrinho ele é e corrija a lista. | K64: Não
A66: Para atenção (não são divergências com o sistema): defeitos e patrimônios não localizados
A67: # | B67: Carrinho | C67: Nº no Word | D67: Tipo | E67: N/S no Word | F67: Patrimônio (Word) | G67: Modelo informado | H67: Local no sistema | I67: O que foi informado | J67: O que fazer | K67: Resolvido? | L67: Resultado
A68: 1 | B68: Carrinho 06 | C68: 22 | D68: Defeito informado | E68: =Conferência!C153 -> 09S29QAR110876J | F68: =Conferência!F153 -> 382780 | G68: =Conferência!G153 -> Samsung Chromebook 4 cinza | H68: =Conferência!H153 -> Carrinho 06 ( VERDE) | I68: Mancha preta na tela, mas dá para usar. | J68: Registrar o defeito no inventário e confirmar se precisa de manutenção ou troca. | K68: Não
A69: 2 | B69: Carrinho Reserva | C69: 2 | D69: Defeito informado | E69: =Conferência!C297 -> NXH0HAL001830D1F789501 | F69: =Conferência!F297 -> 414461 | G69: =Conferência!G297 -> Acer Chromebook 11 C731 (N16Q13) preto | H69: =Conferência!H297 -> CARRINHO RESERVA | I69: Teclas ]º} e ^~ faltando e a dobradiça do lado direito quebrada. | J69: Registrar o defeito no inventário e confirmar se precisa de manutenção ou descarte. | K69: Não
A70: 3 | B70: Carrinho Reserva | C70: 3 | D70: Defeito informado | E70: =Conferência!C298 -> NXH0HAL001839ED8399501 | F70: =Conferência!F298 -> 416838 | G70: =Conferência!G298 -> Acer Chromebook 11 C731 (N16Q13) preto | H70: =Conferência!H298 -> Não Alocado | I70: Teclas B, N e + não funcionam. | J70: Registrar o defeito no inventário e confirmar se precisa de manutenção ou descarte. | K70: Não
A71: 4 | B71: Carrinho Reserva | C71: 4 | D71: Defeito informado | E71: =Conferência!C299 -> NXH0HAL001838E6B539501 | F71: =Conferência!F299 -> 415297 | G71: =Conferência!G299 -> Acer Chromebook 11 C731 (N16Q13) preto | H71: =Conferência!H299 -> CARRINHO RESERVA | I71: Teclas S e \| faltando. | J71: Registrar o defeito no inventário e confirmar se precisa de manutenção ou descarte. | K71: Não
A72: 5 | B72: Carrinho Reserva | C72: 5 | D72: Defeito informado | E72: =Conferência!C300 -> NXH0HAL001838E735B9501 | F72: =Conferência!F300 -> 415300 | G72: =Conferência!G300 -> Acer Chromebook 11 C731 (N16Q13) preto | H72: =Conferência!H300 -> CARRINHO RESERVA | I72: Teclas S, Tab e seta para a direita faltando. | J72: Registrar o defeito no inventário e confirmar se precisa de manutenção ou descarte. | K72: Não
A73: 6 | B73: Carrinho Reserva | C73: 6 | D73: Defeito informado | E73: =Conferência!C301 -> NXH0HAL001832D5F129501 | F73: =Conferência!F301 -> 415313 | G73: =Conferência!G301 -> Acer Chromebook 11 C731 (N16Q13) preto | H73: =Conferência!H301 -> CARRINHO RESERVA | I73: Teclas S, D, L, P e setas para direita e esquerda faltando (ainda funciona). | J73: Registrar o defeito no inventário e confirmar se precisa de manutenção ou descarte. | K73: Não
A74: 7 | B74: Carrinho Reserva | C74: 7 | D74: Defeito informado | E74: =Conferência!C302 -> NXH0HAL001839ECCC29501 | F74: =Conferência!F302 -> 417030 | G74: =Conferência!G302 -> Acer Chromebook 11 C731 (N16Q13) preto | H74: =Conferência!H302 -> CARRINHO RESERVA | I74: Teclas Esc, 1, E, +, Power, A, Alt Gr e Ctrl faltando. | J74: Registrar o defeito no inventário e confirmar se precisa de manutenção ou descarte. | K74: Não
A75: 8 | B75: Carrinho Reserva | C75: 8 | D75: Defeito informado | E75: =Conferência!C303 -> NXH0HAL001837E5E619501 | F75: =Conferência!F303 -> 415266 | G75: =Conferência!G303 -> Acer Chromebook 11 C731 (N16Q13) preto | H75: =Conferência!H303 -> CARRINHO RESERVA | I75: Teclas X e seta para a direita faltando. | J75: Registrar o defeito no inventário e confirmar se precisa de manutenção ou descarte. | K75: Não
A76: 9 | B76: Carrinho Reserva | C76: 9 | D76: Defeito informado | E76: =Conferência!C304 -> NXH0HAL0018481E8B39501 | F76: =Conferência!F304 -> 413885 | G76: =Conferência!G304 -> Acer Chromebook 11 C731 (N16Q13) preto | H76: =Conferência!H304 -> CARRINHO RESERVA | I76: Várias teclas não funcionam. | J76: Registrar o defeito no inventário e confirmar se precisa de manutenção ou descarte. | K76: Não
A77: 10 | B77: Carrinho Reserva | C77: 10 | D77: Defeito informado | E77: =Conferência!C305 -> 09S29QBR719250D | F77: =Conferência!F305 -> 505192 | G77: =Conferência!G305 -> Samsung Chromebook 4 cinza | H77: =Conferência!H305 -> CARRINHO RESERVA | I77: Carcaça quebrada, mas funciona. | J77: Registrar o defeito no inventário e confirmar se precisa de manutenção ou descarte. | K77: Não
A78: 11 | B78: Carrinho Reserva | C78: 12 | D78: Defeito informado | E78: =Conferência!C306 -> 09S29QBR704277D | F78: =Conferência!F306 -> 505070 | G78: =Conferência!G306 -> Samsung Chromebook 4 cinza | H78: =Conferência!H306 -> CARRINHO RESERVA | I78: Dobradiça quebrada e carcaça de baixo soltando. | J78: Registrar o defeito no inventário e confirmar se precisa de manutenção ou descarte. | K78: Não
A79: 12 | B79: Carrinho Reserva | C79: 13 | D79: Observação incompleta | E79: =Conferência!C307 -> 09S29QBR702126R | F79: =Conferência!F307 -> 505139 | G79: =Conferência!G307 -> Samsung Chromebook 4 cinza | H79: =Conferência!H307 -> CARRINHO RESERVA | I79: No Word a observação ficou cortada: '(obs.:' sem texto. | J79: Verificar se o computador tem algum defeito e completar a informação. | K79: Não
A80: 13 | B80: Carrinho 03 | C80: 8 | D80: Defeito informado | E80: =Conferência!C64 -> NXG54AL002749005CE7600 | F80: =Conferência!F64 -> 408738 | G80: =Conferência!G64 -> Acer Chromebook R11 CB5-132T branco | H80: =Conferência!H64 -> Carrinho 03 ( VERMELHO - CHROME R11 - ED. IN | I80: Tela piscando sozinha (danificada). | J80: Registrar o defeito no inventário e confirmar se já foi para a manutenção. | K80: Não
A81: 14 | B81: Carrinho 03 | C81: 12 | D81: Patrimônio não localizado | E81: =Conferência!C68 -> NXG54AL002748179CB7600 | F81: =Conferência!F68 -> Não localizado | G81: =Conferência!G68 -> Acer Chromebook R11 CB5-132T branco | H81: =Conferência!H68 -> Carrinho 03 ( VERMELHO - CHROME R11 - ED. IN | I81: Não foi possível achar o número do patrimônio. | J81: Procurar a etiqueta de patrimônio (pode ter descolado) e anotar o número. | K81: Não
A82: 15 | B82: Carrinho 03 | C82: 15 | D82: Defeito informado | E82: =Conferência!C71 -> NXG54AL0027430A1067600 | F82: =Conferência!F71 -> 411263 | G82: =Conferência!G71 -> Acer Chromebook R11 CB5-132T branco | H82: =Conferência!H71 -> Carrinho 03 ( VERMELHO - CHROME R11 - ED. IN | I82: A tela está com problema: não fica fixa, fica tremendo. | J82: Registrar o defeito no inventário e confirmar se já foi para a manutenção. | K82: Não
A83: 16 | B83: Carrinho 03 | C83: 17 | D83: Defeito informado | E83: =Conferência!C73 -> NXG54AL002749005F57600 | F83: =Conferência!F73 -> 409996 | G83: =Conferência!G73 -> Acer Chromebook R11 CB5-132T branco | H83: =Conferência!H73 -> Carrinho 03 ( VERMELHO - CHROME R11 - ED. IN | I83: Dobradiça quebrada. | J83: Registrar o defeito no inventário e confirmar se já foi para a manutenção. | K83: Não
A84: 17 | B84: Carrinho 03 | C84: 25 | D84: Patrimônio não localizado e defeito | E84: =Conferência!C81 -> NXG54AL002743065F17600 | F84: =Conferência!F81 -> Não localizado | G84: =Conferência!G81 -> Acer Chromebook R11 CB5-132T branco | H84: =Conferência!H81 -> Carrinho 03 ( VERMELHO - CHROME R11 - ED. IN | I84: Não foi possível achar o número do patrimônio e o computador não liga. | J84: Procurar a etiqueta de patrimônio, anotar o número e registrar que o equipamento não liga. | K84: Não
A85: 18 | B85: Carrinho 04 | C85: 1 | D85: Defeito informado | E85: =Conferência!C83 -> NXH0HAL001838E762A9501 | F85: =Conferência!F83 -> 415379 | G85: =Conferência!G83 -> Acer Chromebook 11 C731 (N16Q13) preto | H85: =Conferência!H83 -> Carrinho 04 ( LARANJA ) | I85: Tecla Ctrl direita faltando. | J85: Registrar no inventário e confirmar se precisa de reposição ou manutenção. | K85: Não
A86: 19 | B86: Carrinho 04 | C86: 16 | D86: Defeito informado | E86: =Conferência!C98 -> NXH0HAL001838E6A8B9501 | F86: =Conferência!F98 -> 415277 | G86: =Conferência!G98 -> Acer Chromebook 11 C731 (N16Q13) preto | H86: =Conferência!H98 -> Carrinho 04 ( LARANJA ) | I86: Tecla Ctrl direita faltando. | J86: Registrar no inventário e confirmar se precisa de reposição ou manutenção. | K86: Não
A87: 20 | B87: Carrinho 04 | C87: 19 | D87: Defeito informado | E87: =Conferência!C101 -> NXH0HAL001837E5F719501 | F87: =Conferência!F101 -> 415327 | G87: =Conferência!G101 -> Acer Chromebook 11 C731 (N16Q13) preto | H87: =Conferência!H101 -> Carrinho 04 ( LARANJA ) | I87: Teclas seta esquerda e acento circunflexo faltando. | J87: Registrar no inventário e confirmar se precisa de reposição ou manutenção. | K87: Não
A88: 21 | B88: Carrinho 04 | C88: 20 | D88: Defeito informado | E88: =Conferência!C102 -> NXH0HAL00183BE693B9501 | F88: =Conferência!F102 -> 415264 | G88: =Conferência!G102 -> Acer Chromebook 11 C731 (N16Q13) preto | H88: =Conferência!H102 -> Não encontrado | I88: Teclas seta direita, Esc, Power, A e X faltando. | J88: Registrar no inventário. Sem a tecla Power vale priorizar a manutenção. | K88: Não
A89: 22 | B89: Carrinho 04 | C89: 22 | D89: Defeito informado | E89: =Conferência!C104 -> NXH0HAL001832D5F4A9501 | F89: =Conferência!F104 -> 415311 | G89: =Conferência!G104 -> Acer Chromebook 11 C731 (N16Q13) preto | H89: =Conferência!H104 -> Carrinho 04 ( LARANJA ) | I89: Teclas seta esquerda, seta direita e 1 faltando. | J89: Registrar no inventário e confirmar se precisa de reposição ou manutenção. | K89: Não
A90: 23 | B90: Carrinho 02 | C90: 2 | D90: Defeito informado | E90: =Conferência!C33 -> NXH0HAL001832D5D789501 | F90: =Conferência!F33 -> 415295 | G90: =Conferência!G33 -> Acer Chromebook 11 C731 (N16Q13) preto | H90: =Conferência!H33 -> Carrinho 02 ( AMARELO) | I90: Teclas seta para cima, seta para a direita e seta para baixo faltando. | J90: Registrar no inventário e confirmar se precisa de reposição ou manutenção. | K90: Não
A91: 24 | B91: Carrinho 05 | C91: 9 | D91: Defeito informado | E91: =Conferência!C115 -> 09S29QAR109533V | F91: =Conferência!F115 -> 382737 | G91: =Conferência!G115 -> Samsung Chromebook 4 cinza | H91: =Conferência!H115 -> Carrinho 05 ( ROXO) | I91: Tela manchada com traços pretos. | J91: Registrar o defeito no inventário e confirmar se já foi para a manutenção. | K91: Não
A92: 25 | B92: Carrinho 10 | C92: 20 | D92: Defeito informado | E92: =Conferência!C242 -> 09S29QBR712147K | F92: =Conferência!F242 -> 503736 | G92: =Conferência!G242 -> Samsung Chromebook 4 cinza | H92: =Conferência!H242 -> Carrinho 10 - MARROM | I92: Problema na dobradiça. | J92: Registrar o defeito no inventário e confirmar se já foi para a manutenção. | K92: Não
A93: 26 | B93: Carrinho 13 (quebrados) | C93: 2 | D93: Defeito informado | E93: =Conferência!C309 -> 09S29QBNC00260N | F93: =Conferência!F309 -> 382437 | G93: =Conferência!G309 -> Samsung Chromebook 4 cinza | H93: =Conferência!H309 -> CARRINHO RESERVA | I93: Tela quebrada impossível de usar. | J93: Registrar o defeito no inventário e confirmar se precisa de manutenção ou baixa. | K93: Não
A94: 27 | B94: Carrinho 13 (quebrados) | C94: 3 | D94: Defeito informado | E94: =Conferência!C310 -> 09S29QBR712220W | F94: =Conferência!F310 -> 503610 | G94: =Conferência!G310 -> Samsung Chromebook 4 cinza | H94: =Conferência!H310 -> Carrinho 11 - PRETO | I94: Totalmente quebrado ele nem carrega não funciona. | J94: Registrar o defeito no inventário e confirmar se precisa de manutenção ou baixa. | K94: Não
A95: 28 | B95: Carrinho 13 (quebrados) | C95: 4 | D95: Defeito informado | E95: =Conferência!C311 -> 09S29QAR110966J | F95: =Conferência!F311 -> 382697 | G95: =Conferência!G311 -> Samsung Chromebook 4 cinza | H95: =Conferência!H311 -> Carrinho 08 - CINZA | I95: Tecla “s” quebrada, mas funcionando, pode voltar para o carrinho reserva. | J95: Registrar o defeito no inventário e confirmar se precisa de manutenção ou baixa. | K95: Não
A96: 29 | B96: Carrinho 13 (quebrados) | C96: 5 | D96: Patrimônio não localizado e defeito | E96: =Conferência!C312 -> 09S29QAR109516Z | F96: =Conferência!F312 -> Não localizado | G96: =Conferência!G312 -> Samsung Chromebook 4 cinza | H96: =Conferência!H312 -> Carrinho 13 - CIANO | I96: Sem número de patrimônio e o Chrome não liga não carrega | J96: Procurar a etiqueta de patrimônio, anotar o número e registrar o estado do equipamento. | K96: Não
A97: 30 | B97: Carrinho 13 (quebrados) | C97: 7 | D97: Defeito informado | E97: =Conferência!C314 -> 09S29QBR711970X | F97: =Conferência!F314 -> 503606 | G97: =Conferência!G314 -> Samsung Chromebook 4 cinza | H97: =Conferência!H314 -> Carrinho 03 ( VERMELHO - CHROME R11 - ED. IN | I97: O negócio que abre e fecha o Chrome do lado direito tá quebrado e soltando a carcaça de baixo. | J97: Registrar o defeito no inventário e confirmar se precisa de manutenção ou baixa. | K97: Não
A98: 31 | B98: Carrinho 13 (quebrados) | C98: 8 | D98: Defeito informado | E98: =Conferência!C315 -> 09S29QAR110716H | F98: =Conferência!F315 -> 382712 | G98: =Conferência!G315 -> Samsung Chromebook 4 cinza | H98: =Conferência!H315 -> MANUTENÇÃO - 2025 -SALA COFRE | I98: Tela quebrada. | J98: Registrar o defeito no inventário e confirmar se precisa de manutenção ou baixa. | K98: Não
A99: 32 | B99: Carrinho 13 (quebrados) | C99: 9 | D99: Defeito informado | E99: =Conferência!C316 -> 09S29QBR707184F | F99: =Conferência!F316 -> 503628 | G99: =Conferência!G316 -> Samsung Chromebook 4 cinza | H99: =Conferência!H316 -> Carrinho 13 - CIANO | I99: Tela quebrada. | J99: Registrar o defeito no inventário e confirmar se precisa de manutenção ou baixa. | K99: Não
A100: 33 | B100: Carrinho 13 (quebrados) | C100: 10 | D100: Defeito informado | E100: =Conferência!C317 -> 09S29QBR701873A | F100: =Conferência!F317 -> 505191 | G100: =Conferência!G317 -> Samsung Chromebook 4 cinza | H100: =Conferência!H317 -> Carrinho 13 - CIANO | I100: Tela quebrada. | J100: Registrar o defeito no inventário e confirmar se precisa de manutenção ou baixa. | K100: Não
A101: 34 | B101: Carrinho 13 (quebrados) | C101: 11 | D101: Defeito informado | E101: =Conferência!C318 -> 09S29QAR150922B | F101: =Conferência!F318 -> 382687 | G101: =Conferência!G318 -> Samsung Chromebook 4 cinza | H101: =Conferência!H318 -> Não encontrado | I101: Tela quebrada. | J101: Registrar o defeito no inventário e confirmar se precisa de manutenção ou baixa. | K101: Não
A102: 35 | B102: Carrinho 13 (quebrados) | C102: 12 | D102: Defeito informado | E102: =Conferência!C319 -> 09S29QBR702067X | F102: =Conferência!F319 -> 505298 | G102: =Conferência!G319 -> Samsung Chromebook 4 cinza | H102: =Conferência!H319 -> Carrinho 13 - CIANO | I102: Tela quebrada. | J102: Registrar o defeito no inventário e confirmar se precisa de manutenção ou baixa. | K102: Não
A103: 36 | B103: Carrinho 13 (quebrados) | C103: 13 | D103: Defeito informado | E103: =Conferência!C320 -> 09S29QBR707480M | F103: =Conferência!F320 -> 503730 | G103: =Conferência!G320 -> Samsung Chromebook 4 cinza | H103: =Conferência!H320 -> Carrinho 10 - MARROM | I103: Não carrega. | J103: Registrar o defeito no inventário e confirmar se precisa de manutenção ou baixa. | K103: Não
A104: 37 | B104: Carrinho 13 (quebrados) | C104: 14 | D104: Defeito informado | E104: =Conferência!C321 -> 09S29QAR109513J | F104: =Conferência!F321 -> 382748 | G104: =Conferência!G321 -> Samsung Chromebook 4 cinza | H104: =Conferência!H321 -> Carrinho 05 ( ROXO) | I104: Não liga. | J104: Registrar o defeito no inventário e confirmar se precisa de manutenção ou baixa. | K104: Não
...

Sheet Conferência
A1: Inventário de Chromebooks – Conferência Word x Sistema da prefeitura
A3: Carrinho (Word) | B3: Nº | C3: N/S ditado (sem espaços) | D3: Chave de comparação | E3: Letra final (Word) | F3: Patrimônio (Word) | G3: Modelo informado | H3: Local no sistema | I3: Modelo no sistema | J3: Letra final (sistema) | K3: Situação | L3: Observação | M3: Estado informado no Word
A4: Carrinho 01 ( AZUL) | B4: 1 | C4: NXH0HAL001832D5BB39501 | D4: =IF(LEFT(C4,3)="09S",LEFT(C4,14),C4) -> NXH0HAL001832D5BB39501 | E4: =IF(LEFT(C4,3)="09S",MID(C4,15,5),"") | F4: 413984 | G4: Acer Chromebook 11 C731 (N16Q13) preto | H4: =IFERROR(INDEX(Sistema!$F$2:$F$421,MATCH(D4,Sistema!$G$2:$G$421,0)),"Não encontrado") -> Carrinho 01 ( AZUL) | I4: =IFERROR(INDEX(Sistema!$C$2:$C$421,MATCH(D4,Sistema!$G$2:$G$421,0)),"") -> Acer Chromebook 11 N7 (C731, C731T) | J4: =IF(LEFT(C4,3)="09S",IFERROR(MID(INDEX(Sistema!$D$2:$D$421,MATCH(D4,Sistema!$G$2:$G$421,0)),15,5),""),"") | K4: =IF(H4="Não encontrado","Não encontrado",IF(H4<>A4,"Local diferente",IF(AND(E4<>"",J4<>"",UPPER(E4)<>UPPER(J4)),"Letra final diferente","Confere"))) -> Confere
A5: Carrinho 01 ( AZUL) | B5: 2 | C5: NXH0HAL001832D69D19501 | D5: =IF(LEFT(C5,3)="09S",LEFT(C5,14),C5) -> NXH0HAL001832D69D19501 | E5: =IF(LEFT(C5,3)="09S",MID(C5,15,5),"") | F5: 413920 | G5: Acer Chromebook 11 C731 (N16Q13) preto | H5: =IFERROR(INDEX(Sistema!$F$2:$F$421,MATCH(D5,Sistema!$G$2:$G$421,0)),"Não encontrado") -> Carrinho 01 ( AZUL) | I5: =IFERROR(INDEX(Sistema!$C$2:$C$421,MATCH(D5,Sistema!$G$2:$G$421,0)),"") -> Acer Chromebook 11 N7 (C731, C731T) | J5: =IF(LEFT(C5,3)="09S",IFERROR(MID(INDEX(Sistema!$D$2:$D$421,MATCH(D5,Sistema!$G$2:$G$421,0)),15,5),""),"") | K5: =IF(H5="Não encontrado","Não encontrado",IF(H5<>A5,"Local diferente",IF(AND(E5<>"",J5<>"",UPPER(E5)<>UPPER(J5)),"Letra final diferente","Confere"))) -> Confere
A6: Carrinho 01 ( AZUL) | B6: 3 | C6: NXH0HAL001832D60FE9501 | D6: =IF(LEFT(C6,3)="09S",LEFT(C6,14),C6) -> NXH0HAL001832D60FE9501 | E6: =IF(LEFT(C6,3)="09S",MID(C6,15,5),"") | F6: 413910 | G6: Acer Chromebook 11 C731 (N16Q13) preto | H6: =IFERROR(INDEX(Sistema!$F$2:$F$421,MATCH(D6,Sistema!$G$2:$G$421,0)),"Não encontrado") -> Carrinho 01 ( AZUL) | I6: =IFERROR(INDEX(Sistema!$C$2:$C$421,MATCH(D6,Sistema!$G$2:$G$421,0)),"") -> Acer Chromebook 11 N7 (C731, C731T) | J6: =IF(LEFT(C6,3)="09S",IFERROR(MID(INDEX(Sistema!$D$2:$D$421,MATCH(D6,Sistema!$G$2:$G$421,0)),15,5),""),"") | K6: =IF(H6="Não encontrado","Não encontrado",IF(H6<>A6,"Local diferente",IF(AND(E6<>"",J6<>"",UPPER(E6)<>UPPER(J6)),"Letra final diferente","Confere"))) -> Confere
A7: Carrinho 01 ( AZUL) | B7: 4 | C7: NXH0HAL001832D659F9501 | D7: =IF(LEFT(C7,3)="09S",LEFT(C7,14),C7) -> NXH0HAL001832D659F9501 | E7: =IF(LEFT(C7,3)="09S",MID(C7,15,5),"") | F7: 413798 | G7: Acer Chromebook 11 C731 (N16Q13) preto | H7: =IFERROR(INDEX(Sistema!$F$2:$F$421,MATCH(D7,Sistema!$G$2:$G$421,0)),"Não encontrado") -> Carrinho 01 ( AZUL) | I7: =IFERROR(INDEX(Sistema!$C$2:$C$421,MATCH(D7,Sistema!$G$2:$G$421,0)),"") -> Acer Chromebook 11 N7 (C731, C731T) | J7: =IF(LEFT(C7,3)="09S",IFERROR(MID(INDEX(Sistema!$D$2:$D$421,MATCH(D7,Sistema!$G$2:$G$421,0)),15,5),""),"") | K7: =IF(H7="Não encontrado","Não encontrado",IF(H7<>A7,"Local diferente",IF(AND(E7<>"",J7<>"",UPPER(E7)<>UPPER(J7)),"Letra final diferente","Confere"))) -> Confere
A8: Carrinho 01 ( AZUL) | B8: 5 | C8: NXH0HAL001839ECE489501 | D8: =IF(LEFT(C8,3)="09S",LEFT(C8,14),C8) -> NXH0HAL001839ECE489501 | E8: =IF(LEFT(C8,3)="09S",MID(C8,15,5),"") | F8: 413962 | G8: Acer Chromebook 11 C731 (N16Q13) preto | H8: =IFERROR(INDEX(Sistema!$F$2:$F$421,MATCH(D8,Sistema!$G$2:$G$421,0)),"Não encontrado") -> Carrinho 01 ( AZUL) | I8: =IFERROR(INDEX(Sistema!$C$2:$C$421,MATCH(D8,Sistema!$G$2:$G$421,0)),"") -> Acer Chromebook 11 N7 (C731, C731T) | J8: =IF(LEFT(C8,3)="09S",IFERROR(MID(INDEX(Sistema!$D$2:$D$421,MATCH(D8,Sistema!$G$2:$G$421,0)),15,5),""),"") | K8: =IF(H8="Não encontrado","Não encontrado",IF(H8<>A8,"Local diferente",IF(AND(E8<>"",J8<>"",UPPER(E8)<>UPPER(J8)),"Letra final diferente","Confere"))) -> Confere
A9: Carrinho 01 ( AZUL) | B9: 6 | C9: NXH0HAL001832D69CD9501 | D9: =IF(LEFT(C9,3)="09S",LEFT(C9,14),C9) -> NXH0HAL001832D69CD9501 | E9: =IF(LEFT(C9,3)="09S",MID(C9,15,5),"") | F9: 413766 | G9: Acer Chromebook 11 C731 (N16Q13) preto | H9: =IFERROR(INDEX(Sistema!$F$2:$F$421,MATCH(D9,Sistema!$G$2:$G$421,0)),"Não encontrado") -> Carrinho 01 ( AZUL) | I9: =IFERROR(INDEX(Sistema!$C$2:$C$421,MATCH(D9,Sistema!$G$2:$G$421,0)),"") -> Acer Chromebook 11 N7 (C731, C731T) | J9: =IF(LEFT(C9,3)="09S",IFERROR(MID(INDEX(Sistema!$D$2:$D$421,MATCH(D9,Sistema!$G$2:$G$421,0)),15,5),""),"") | K9: =IF(H9="Não encontrado","Não encontrado",IF(H9<>A9,"Local diferente",IF(AND(E9<>"",J9<>"",UPPER(E9)<>UPPER(J9)),"Letra final diferente","Confere"))) -> Confere
A10: Carrinho 01 ( AZUL) | B10: 7 | C10: NXH0HAL001832D65869501 | D10: =IF(LEFT(C10,3)="09S",LEFT(C10,14),C10) -> NXH0HAL001832D65869501 | E10: =IF(LEFT(C10,3)="09S",MID(C10,15,5),"") | F10: 413918 | G10: Acer Chromebook 11 C731 (N16Q13) preto | H10: =IFERROR(INDEX(Sistema!$F$2:$F$421,MATCH(D10,Sistema!$G$2:$G$421,0)),"Não encontrado") -> Carrinho 01 ( AZUL) | I10: =IFERROR(INDEX(Sistema!$C$2:$C$421,MATCH(D10,Sistema!$G$2:$G$421,0)),"") -> Acer Chromebook 11 N7 (C731, C731T) | J10: =IF(LEFT(C10,3)="09S",IFERROR(MID(INDEX(Sistema!$D$2:$D$421,MATCH(D10,Sistema!$G$2:$G$421,0)),15,5),""),"") | K10: =IF(H10="Não encontrado","Não encontrado",IF(H10<>A10,"Local diferente",IF(AND(E10<>"",J10<>"",UPPER(E10)<>UPPER(J10)),"Letra final diferente","Confere"))) -> Confere
A11: Carrinho 01 ( AZUL) | B11: 8 | C11: NXH0HAL001832D68659501 | D11: =IF(LEFT(C11,3)="09S",LEFT(C11,14),C11) -> NXH0HAL001832D68659501 | E11: =IF(LEFT(C11,3)="09S",MID(C11,15,5),"") | F11: 413875 | G11: Acer Chromebook 11 C731 (N16Q13) preto | H11: =IFERROR(INDEX(Sistema!$F$2:$F$421,MATCH(D11,Sistema!$G$2:$G$421,0)),"Não encontrado") -> Carrinho 01 ( AZUL) | I11: =IFERROR(INDEX(Sistema!$C$2:$C$421,MATCH(D11,Sistema!$G$2:$G$421,0)),"") -> Acer Chromebook 11 N7 (C731, C731T) | J11: =IF(LEFT(C11,3)="09S",IFERROR(MID(INDEX(Sistema!$D$2:$D$421,MATCH(D11,Sistema!$G$2:$G$421,0)),15,5),""),"") | K11: =IF(H11="Não encontrado","Não encontrado",IF(H11<>A11,"Local diferente",IF(AND(E11<>"",J11<>"",UPPER(E11)<>UPPER(J11)),"Letra final diferente","Confere"))) -> Confere
A12: Carrinho 01 ( AZUL) | B12: 9 | C12: NXH0HAL001832D65DD9501 | D12: =IF(LEFT(C12,3)="09S",LEFT(C12,14),C12) -> NXH0HAL001832D65DD9501 | E12: =IF(LEFT(C12,3)="09S",MID(C12,15,5),"") | F12: 413890 | G12: Acer Chromebook 11 C731 (N16Q13) preto | H12: =IFERROR(INDEX(Sistema!$F$2:$F$421,MATCH(D12,Sistema!$G$2:$G$421,0)),"Não encontrado") -> Carrinho 01 ( AZUL) | I12: =IFERROR(INDEX(Sistema!$C$2:$C$421,MATCH(D12,Sistema!$G$2:$G$421,0)),"") -> Acer Chromebook 11 N7 (C731, C731T) | J12: =IF(LEFT(C12,3)="09S",IFERROR(MID(INDEX(Sistema!$D$2:$D$421,MATCH(D12,Sistema!$G$2:$G$421,0)),15,5),""),"") | K12: =IF(H12="Não encontrado","Não encontrado",IF(H12<>A12,"Local diferente",IF(AND(E12<>"",J12<>"",UPPER(E12)<>UPPER(J12)),"Letra final diferente","Confere"))) -> Confere
A13: Carrinho 01 ( AZUL) | B13: 10 | C13: NXH0HAL001832D65E79501 | D13: =IF(LEFT(C13,3)="09S",LEFT(C13,14),C13) -> NXH0HAL001832D65E79501 | E13: =IF(LEFT(C13,3)="09S",MID(C13,15,5),"") | F13: 413802 | G13: Acer Chromebook 11 C731 (N16Q13) preto | H13: =IFERROR(INDEX(Sistema!$F$2:$F$421,MATCH(D13,Sistema!$G$2:$G$421,0)),"Não encontrado") -> Carrinho 01 ( AZUL) | I13: =IFERROR(INDEX(Sistema!$C$2:$C$421,MATCH(D13,Sistema!$G$2:$G$421,0)),"") -> Acer Chromebook 11 N7 (C731, C731T) | J13: =IF(LEFT(C13,3)="09S",IFERROR(MID(INDEX(Sistema!$D$2:$D$421,MATCH(D13,Sistema!$G$2:$G$421,0)),15,5),""),"") | K13: =IF(H13="Não encontrado","Não encontrado",IF(H13<>A13,"Local diferente",IF(AND(E13<>"",J13<>"",UPPER(E13)<>UPPER(J13)),"Letra final diferente","Confere"))) -> Confere
A14: Carrinho 01 ( AZUL) | B14: 11 | C14: NXH0HAL001832D68A59501 | D14: =IF(LEFT(C14,3)="09S",LEFT(C14,14),C14) -> NXH0HAL001832D68A59501 | E14: =IF(LEFT(C14,3)="09S",MID(C14,15,5),"") | F14: 413902 | G14: Acer Chromebook 11 C731 (N16Q13) preto | H14: =IFERROR(INDEX(Sistema!$F$2:$F$421,MATCH(D14,Sistema!$G$2:$G$421,0)),"Não encontrado") -> Carrinho 01 ( AZUL) | I14: =IFERROR(INDEX(Sistema!$C$2:$C$421,MATCH(D14,Sistema!$G$2:$G$421,0)),"") -> Acer Chromebook 11 N7 (C731, C731T) | J14: =IF(LEFT(C14,3)="09S",IFERROR(MID(INDEX(Sistema!$D$2:$D$421,MATCH(D14,Sistema!$G$2:$G$421,0)),15,5),""),"") | K14: =IF(H14="Não encontrado","Não encontrado",IF(H14<>A14,"Local diferente",IF(AND(E14<>"",J14<>"",UPPER(E14)<>UPPER(J14)),"Letra final diferente","Confere"))) -> Confere
A15: Carrinho 01 ( AZUL) | B15: 12 | C15: NXH0HAL001830D20719501 | D15: =IF(LEFT(C15,3)="09S",LEFT(C15,14),C15) -> NXH0HAL001830D20719501 | E15: =IF(LEFT(C15,3)="09S",MID(C15,15,5),"") | F15: 413983 | G15: Acer Chromebook 11 C731 (N16Q13) preto | H15: =IFERROR(INDEX(Sistema!$F$2:$F$421,MATCH(D15,Sistema!$G$2:$G$421,0)),"Não encontrado") -> Não encontrado | I15: =IFERROR(INDEX(Sistema!$C$2:$C$421,MATCH(D15,Sistema!$G$2:$G$421,0)),"") | J15: =IF(LEFT(C15,3)="09S",IFERROR(MID(INDEX(Sistema!$D$2:$D$421,MATCH(D15,Sistema!$G$2:$G$421,0)),15,5),""),"") | K15: =IF(H15="Não encontrado","Não encontrado",IF(H15<>A15,"Local diferente",IF(AND(E15<>"",J15<>"",UPPER(E15)<>UPPER(J15)),"Letra final diferente","Confere"))) -> Não encontrado | L15: Ditado NXH0HAL001830D20719501. Esse N/S não existe no sistema e não é parecido com nenhum dos que sobram no Carrinho 01. Pode ser erro de ditado maior ou equipamento não cadastrado: conferir a etiqueta.
A16: Carrinho 01 ( AZUL) | B16: 13 | C16: NXH0HAL001838E766E9501 | D16: =IF(LEFT(C16,3)="09S",LEFT(C16,14),C16) -> NXH0HAL001838E766E9501 | E16: =IF(LEFT(C16,3)="09S",MID(C16,15,5),"") | F16: 412369 | G16: Acer Chromebook 11 C731 (N16Q13) preto | H16: =IFERROR(INDEX(Sistema!$F$2:$F$421,MATCH(D16,Sistema!$G$2:$G$421,0)),"Não encontrado") -> Carrinho 01 ( AZUL) | I16: =IFERROR(INDEX(Sistema!$C$2:$C$421,MATCH(D16,Sistema!$G$2:$G$421,0)),"") -> Acer Chromebook 11 N7 (C731, C731T) | J16: =IF(LEFT(C16,3)="09S",IFERROR(MID(INDEX(Sistema!$D$2:$D$421,MATCH(D16,Sistema!$G$2:$G$421,0)),15,5),""),"") | K16: =IF(H16="Não encontrado","Não encontrado",IF(H16<>A16,"Local diferente",IF(AND(E16<>"",J16<>"",UPPER(E16)<>UPPER(J16)),"Letra final diferente","Confere"))) -> Confere
A17: Carrinho 01 ( AZUL) | B17: 14 | C17: NXH0HAL001832D65BF9501 | D17: =IF(LEFT(C17,3)="09S",LEFT(C17,14),C17) -> NXH0HAL001832D65BF9501 | E17: =IF(LEFT(C17,3)="09S",MID(C17,15,5),"") | F17: 413911 | G17: Acer Chromebook 11 C731 (N16Q13) preto | H17: =IFERROR(INDEX(Sistema!$F$2:$F$421,MATCH(D17,Sistema!$G$2:$G$421,0)),"Não encontrado") -> Carrinho 01 ( AZUL) | I17: =IFERROR(INDEX(Sistema!$C$2:$C$421,MATCH(D17,Sistema!$G$2:$G$421,0)),"") -> Acer Chromebook 11 N7 (C731, C731T) | J17: =IF(LEFT(C17,3)="09S",IFERROR(MID(INDEX(Sistema!$D$2:$D$421,MATCH(D17,Sistema!$G$2:$G$421,0)),15,5),""),"") | K17: =IF(H17="Não encontrado","Não encontrado",IF(H17<>A17,"Local diferente",IF(AND(E17<>"",J17<>"",UPPER(E17)<>UPPER(J17)),"Letra final diferente","Confere"))) -> Confere
A18: Carrinho 01 ( AZUL) | B18: 15 | C18: NXH0HAL001832D65439501 | D18: =IF(LEFT(C18,3)="09S",LEFT(C18,14),C18) -> NXH0HAL001832D65439501 | E18: =IF(LEFT(C18,3)="09S",MID(C18,15,5),"") | F18: 413900 | G18: Acer Chromebook 11 C731 (N16Q13) preto | H18: =IFERROR(INDEX(Sistema!$F$2:$F$421,MATCH(D18,Sistema!$G$2:$G$421,0)),"Não encontrado") -> Carrinho 01 ( AZUL) | I18: =IFERROR(INDEX(Sistema!$C$2:$C$421,MATCH(D18,Sistema!$G$2:$G$421,0)),"") -> Acer Chromebook 11 N7 (C731, C731T) | J18: =IF(LEFT(C18,3)="09S",IFERROR(MID(INDEX(Sistema!$D$2:$D$421,MATCH(D18,Sistema!$G$2:$G$421,0)),15,5),""),"") | K18: =IF(H18="Não encontrado","Não encontrado",IF(H18<>A18,"Local diferente",IF(AND(E18<>"",J18<>"",UPPER(E18)<>UPPER(J18)),"Letra final diferente","Confere"))) -> Confere
A19: Carrinho 01 ( AZUL) | B19: 16 | C19: NXH0HAL001832D58349501 | D19: =IF(LEFT(C19,3)="09S",LEFT(C19,14),C19) -> NXH0HAL001832D58349501 | E19: =IF(LEFT(C19,3)="09S",MID(C19,15,5),"") | F19: 413961 | G19: Acer Chromebook 11 C731 (N16Q13) preto | H19: =IFERROR(INDEX(Sistema!$F$2:$F$421,MATCH(D19,Sistema!$G$2:$G$421,0)),"Não encontrado") -> Carrinho 01 ( AZUL) | I19: =IFERROR(INDEX(Sistema!$C$2:$C$421,MATCH(D19,Sistema!$G$2:$G$421,0)),"") -> Acer Chromebook 11 N7 (C731, C731T) | J19: =IF(LEFT(C19,3)="09S",IFERROR(MID(INDEX(Sistema!$D$2:$D$421,MATCH(D19,Sistema!$G$2:$G$421,0)),15,5),""),"") | K19: =IF(H19="Não encontrado","Não encontrado",IF(H19<>A19,"Local diferente",IF(AND(E19<>"",J19<>"",UPPER(E19)<>UPPER(J19)),"Letra final diferente","Confere"))) -> Confere
A20: Carrinho 01 ( AZUL) | B20: 17 | C20: NXH0HAL001832D61879501 | D20: =IF(LEFT(C20,3)="09S",LEFT(C20,14),C20) -> NXH0HAL001832D61879501 | E20: =IF(LEFT(C20,3)="09S",MID(C20,15,5),"") | F20: 413917 | G20: Acer Chromebook 11 C731 (N16Q13) preto | H20: =IFERROR(INDEX(Sistema!$F$2:$F$421,MATCH(D20,Sistema!$G$2:$G$421,0)),"Não encontrado") -> Carrinho 01 ( AZUL) | I20: =IFERROR(INDEX(Sistema!$C$2:$C$421,MATCH(D20,Sistema!$G$2:$G$421,0)),"") -> Acer Chromebook 11 N7 (C731, C731T) | J20: =IF(LEFT(C20,3)="09S",IFERROR(MID(INDEX(Sistema!$D$2:$D$421,MATCH(D20,Sistema!$G$2:$G$421,0)),15,5),""),"") | K20: =IF(H20="Não encontrado","Não encontrado",IF(H20<>A20,"Local diferente",IF(AND(E20<>"",J20<>"",UPPER(E20)<>UPPER(J20)),"Letra final diferente","Confere"))) -> Confere
A21: Carrinho 01 ( AZUL) | B21: 18 | C21: NXH0HAL001830D20939501 | D21: =IF(LEFT(C21,3)="09S",LEFT(C21,14),C21) -> NXH0HAL001830D20939501 | E21: =IF(LEFT(C21,3)="09S",MID(C21,15,5),"") | F21: 413966 | G21: Acer Chromebook 11 C731 (N16Q13) preto | H21: =IFERROR(INDEX(Sistema!$F$2:$F$421,MATCH(D21,Sistema!$G$2:$G$421,0)),"Não encontrado") -> Carrinho 01 ( AZUL) | I21: =IFERROR(INDEX(Sistema!$C$2:$C$421,MATCH(D21,Sistema!$G$2:$G$421,0)),"") -> Acer Chromebook 11 N7 (C731, C731T) | J21: =IF(LEFT(C21,3)="09S",IFERROR(MID(INDEX(Sistema!$D$2:$D$421,MATCH(D21,Sistema!$G$2:$G$421,0)),15,5),""),"") | K21: =IF(H21="Não encontrado","Não encontrado",IF(H21<>A21,"Local diferente",IF(AND(E21<>"",J21<>"",UPPER(E21)<>UPPER(J21)),"Letra final diferente","Confere"))) -> Confere
A22: Carrinho 01 ( AZUL) | B22: 19 | C22: NXH0HAL001839ED5D19501 | D22: =IF(LEFT(C22,3)="09S",LEFT(C22,14),C22) -> NXH0HAL001839ED5D19501 | E22: =IF(LEFT(C22,3)="09S",MID(C22,15,5),"") | F22: 413975 | G22: Acer Chromebook 11 C731 (N16Q13) preto | H22: =IFERROR(INDEX(Sistema!$F$2:$F$421,MATCH(D22,Sistema!$G$2:$G$421,0)),"Não encontrado") -> Carrinho 01 ( AZUL) | I22: =IFERROR(INDEX(Sistema!$C$2:$C$421,MATCH(D22,Sistema!$G$2:$G$421,0)),"") -> Acer Chromebook 11 N7 (C731, C731T) | J22: =IF(LEFT(C22,3)="09S",IFERROR(MID(INDEX(Sistema!$D$2:$D$421,MATCH(D22,Sistema!$G$2:$G$421,0)),15,5),""),"") | K22: =IF(H22="Não encontrado","Não encontrado",IF(H22<>A22,"Local diferente",IF(AND(E22<>"",J22<>"",UPPER(E22)<>UPPER(J22)),"Letra final diferente","Confere"))) -> Confere
A23: Carrinho 01 ( AZUL) | B23: 20 | C23: NXH0HAL001832DD66639501 | D23: =IF(LEFT(C23,3)="09S",LEFT(C23,14),C23) -> NXH0HAL001832DD66639501 | E23: =IF(LEFT(C23,3)="09S",MID(C23,15,5),"") | F23: 413913 | G23: Acer Chromebook 11 C731 (N16Q13) preto | H23: =IFERROR(INDEX(Sistema!$F$2:$F$421,MATCH(D23,Sistema!$G$2:$G$421,0)),"Não encontrado") -> Não encontrado | I23: =IFERROR(INDEX(Sistema!$C$2:$C$421,MATCH(D23,Sistema!$G$2:$G$421,0)),"") | J23: =IF(LEFT(C23,3)="09S",IFERROR(MID(INDEX(Sistema!$D$2:$D$421,MATCH(D23,Sistema!$G$2:$G$421,0)),15,5),""),"") | K23: =IF(H23="Não encontrado","Não encontrado",IF(H23<>A23,"Local diferente",IF(AND(E23<>"",J23<>"",UPPER(E23)<>UPPER(J23)),"Letra final diferente","Confere"))) -> Não encontrado | L23: Ditado com 23 caracteres (um D a mais: NXH0HAL001832DD66639501). No sistema o Carrinho 01 tem NXH0HAL001832D66639501. Provável erro de ditado: conferir a etiqueta.
A24: Carrinho 01 ( AZUL) | B24: 21 | C24: NXH0HAL001830D1F729501 | D24: =IF(LEFT(C24,3)="09S",LEFT(C24,14),C24) -> NXH0HAL001830D1F729501 | E24: =IF(LEFT(C24,3)="09S",MID(C24,15,5),"") | F24: 414349 | G24: Acer Chromebook 11 C731 (N16Q13) preto | H24: =IFERROR(INDEX(Sistema!$F$2:$F$421,MATCH(D24,Sistema!$G$2:$G$421,0)),"Não encontrado") -> Carrinho 01 ( AZUL) | I24: =IFERROR(INDEX(Sistema!$C$2:$C$421,MATCH(D24,Sistema!$G$2:$G$421,0)),"") -> Acer Chromebook 11 N7 (C731, C731T) | J24: =IF(LEFT(C24,3)="09S",IFERROR(MID(INDEX(Sistema!$D$2:$D$421,MATCH(D24,Sistema!$G$2:$G$421,0)),15,5),""),"") | K24: =IF(H24="Não encontrado","Não encontrado",IF(H24<>A24,"Local diferente",IF(AND(E24<>"",J24<>"",UPPER(E24)<>UPPER(J24)),"Letra final diferente","Confere"))) -> Confere
A25: Carrinho 01 ( AZUL) | B25: 22 | C25: NXH0HAL001830D1F749501 | D25: =IF(LEFT(C25,3)="09S",LEFT(C25,14),C25) -> NXH0HAL001830D1F749501 | E25: =IF(LEFT(C25,3)="09S",MID(C25,15,5),"") | F25: 414368 | G25: Acer Chromebook 11 C731 (N16Q13) preto | H25: =IFERROR(INDEX(Sistema!$F$2:$F$421,MATCH(D25,Sistema!$G$2:$G$421,0)),"Não encontrado") -> Carrinho 01 ( AZUL) | I25: =IFERROR(INDEX(Sistema!$C$2:$C$421,MATCH(D25,Sistema!$G$2:$G$421,0)),"") -> Acer Chromebook 11 N7 (C731, C731T) | J25: =IF(LEFT(C25,3)="09S",IFERROR(MID(INDEX(Sistema!$D$2:$D$421,MATCH(D25,Sistema!$G$2:$G$421,0)),15,5),""),"") | K25: =IF(H25="Não encontrado","Não encontrado",IF(H25<>A25,"Local diferente",IF(AND(E25<>"",J25<>"",UPPER(E25)<>UPPER(J25)),"Letra final diferente","Confere"))) -> Confere
A26: Carrinho 01 ( AZUL) | B26: 23 | C26: NXH0HAL001830D1F949501 | D26: =IF(LEFT(C26,3)="09S",LEFT(C26,14),C26) -> NXH0HAL001830D1F949501 | E26: =IF(LEFT(C26,3)="09S",MID(C26,15,5),"") | F26: 414469 | G26: Acer Chromebook 11 C731 (N16Q13) preto | H26: =IFERROR(INDEX(Sistema!$F$2:$F$421,MATCH(D26,Sistema!$G$2:$G$421,0)),"Não encontrado") -> Carrinho 01 ( AZUL) | I26: =IFERROR(INDEX(Sistema!$C$2:$C$421,MATCH(D26,Sistema!$G$2:$G$421,0)),"") -> Acer Chromebook 11 N7 (C731, C731T) | J26: =IF(LEFT(C26,3)="09S",IFERROR(MID(INDEX(Sistema!$D$2:$D$421,MATCH(D26,Sistema!$G$2:$G$421,0)),15,5),""),"") | K26: =IF(H26="Não encontrado","Não encontrado",IF(H26<>A26,"Local diferente",IF(AND(E26<>"",J26<>"",UPPER(E26)<>UPPER(J26)),"Letra final diferente","Confere"))) -> Confere
A27: Carrinho 01 ( AZUL) | B27: 24 | C27: NXH0HAL001832D5B8F9501 | D27: =IF(LEFT(C27,3)="09S",LEFT(C27,14),C27) -> NXH0HAL001832D5B8F9501 | E27: =IF(LEFT(C27,3)="09S",MID(C27,15,5),"") | F27: 413955 | G27: Acer Chromebook 11 C731 (N16Q13) preto | H27: =IFERROR(INDEX(Sistema!$F$2:$F$421,MATCH(D27,Sistema!$G$2:$G$421,0)),"Não encontrado") -> Carrinho 01 ( AZUL) | I27: =IFERROR(INDEX(Sistema!$C$2:$C$421,MATCH(D27,Sistema!$G$2:$G$421,0)),"") -> Acer Chromebook 11 N7 (C731, C731T) | J27: =IF(LEFT(C27,3)="09S",IFERROR(MID(INDEX(Sistema!$D$2:$D$421,MATCH(D27,Sistema!$G$2:$G$421,0)),15,5),""),"") | K27: =IF(H27="Não encontrado","Não encontrado",IF(H27<>A27,"Local diferente",IF(AND(E27<>"",J27<>"",UPPER(E27)<>UPPER(J27)),"Letra final diferente","Confere"))) -> Confere
A28: Carrinho 01 ( AZUL) | B28: 25 | C28: NXH0HAL001832D687D9501 | D28: =IF(LEFT(C28,3)="09S",LEFT(C28,14),C28) -> NXH0HAL001832D687D9501 | E28: =IF(LEFT(C28,3)="09S",MID(C28,15,5),"") | F28: 413921 | G28: Acer Chromebook 11 C731 (N16Q13) preto | H28: =IFERROR(INDEX(Sistema!$F$2:$F$421,MATCH(D28,Sistema!$G$2:$G$421,0)),"Não encontrado") -> Carrinho 01 ( AZUL) | I28: =IFERROR(INDEX(Sistema!$C$2:$C$421,MATCH(D28,Sistema!$G$2:$G$421,0)),"") -> Acer Chromebook 11 N7 (C731, C731T) | J28: =IF(LEFT(C28,3)="09S",IFERROR(MID(INDEX(Sistema!$D$2:$D$421,MATCH(D28,Sistema!$G$2:$G$421,0)),15,5),""),"") | K28: =IF(H28="Não encontrado","Não encontrado",IF(H28<>A28,"Local diferente",IF(AND(E28<>"",J28<>"",UPPER(E28)<>UPPER(J28)),"Letra final diferente","Confere"))) -> Confere
A29: Carrinho 01 ( AZUL) | B29: 26 | C29: NXH0HAL001830D1BEA9501 | D29: =IF(LEFT(C29,3)="09S",LEFT(C29,14),C29) -> NXH0HAL001830D1BEA9501 | E29: =IF(LEFT(C29,3)="09S",MID(C29,15,5),"") | F29: 414534 | G29: Acer Chromebook 11 C731 (N16Q13) preto | H29: =IFERROR(INDEX(Sistema!$F$2:$F$421,MATCH(D29,Sistema!$G$2:$G$421,0)),"Não encontrado") -> Carrinho 01 ( AZUL) | I29: =IFERROR(INDEX(Sistema!$C$2:$C$421,MATCH(D29,Sistema!$G$2:$G$421,0)),"") -> Acer Chromebook 11 N7 (C731, C731T) | J29: =IF(LEFT(C29,3)="09S",IFERROR(MID(INDEX(Sistema!$D$2:$D$421,MATCH(D29,Sistema!$G$2:$G$421,0)),15,5),""),"") | K29: =IF(H29="Não encontrado","Não encontrado",IF(H29<>A29,"Local diferente",IF(AND(E29<>"",J29<>"",UPPER(E29)<>UPPER(J29)),"Letra final diferente","Confere"))) -> Confere
A30: Carrinho 01 ( AZUL) | B30: 27 | C30: NXH0HAL001832D65B89501 | D30: =IF(LEFT(C30,3)="09S",LEFT(C30,14),C30) -> NXH0HAL001832D65B89501 | E30: =IF(LEFT(C30,3)="09S",MID(C30,15,5),"") | F30: 413877 | G30: Acer Chromebook 11 C731 (N16Q13) preto | H30: =IFERROR(INDEX(Sistema!$F$2:$F$421,MATCH(D30,Sistema!$G$2:$G$421,0)),"Não encontrado") -> Carrinho 01 ( AZUL) | I30: =IFERROR(INDEX(Sistema!$C$2:$C$421,MATCH(D30,Sistema!$G$2:$G$421,0)),"") -> Acer Chromebook 11 N7 (C731, C731T) | J30: =IF(LEFT(C30,3)="09S",IFERROR(MID(INDEX(Sistema!$D$2:$D$421,MATCH(D30,Sistema!$G$2:$G$421,0)),15,5),""),"") | K30: =IF(H30="Não encontrado","Não encontrado",IF(H30<>A30,"Local diferente",IF(AND(E30<>"",J30<>"",UPPER(E30)<>UPPER(J30)),"Letra final diferente","Confere"))) -> Confere
A31: Carrinho 01 ( AZUL) | B31: 28 | C31: NXH0HAL0018481FB349501 | D31: =IF(LEFT(C31,3)="09S",LEFT(C31,14),C31) -> NXH0HAL0018481FB349501 | E31: =IF(LEFT(C31,3)="09S",MID(C31,15,5),"") | F31: 413813 | G31: Acer Chromebook 11 C731 (N16Q13) preto | H31: =IFERROR(INDEX(Sistema!$F$2:$F$421,MATCH(D31,Sistema!$G$2:$G$421,0)),"Não encontrado") -> Carrinho 01 ( AZUL) | I31: =IFERROR(INDEX(Sistema!$C$2:$C$421,MATCH(D31,Sistema!$G$2:$G$421,0)),"") -> Acer Chromebook 11 N7 (C731, C731T) | J31: =IF(LEFT(C31,3)="09S",IFERROR(MID(INDEX(Sistema!$D$2:$D$421,MATCH(D31,Sistema!$G$2:$G$421,0)),15,5),""),"") | K31: =IF(H31="Não encontrado","Não encontrado",IF(H31<>A31,"Local diferente",IF(AND(E31<>"",J31<>"",UPPER(E31)<>UPPER(J31)),"Letra final diferente","Confere"))) -> Confere
A32: Carrinho 02 ( AMARELO) | B32: 1 | C32: NXH0HAL001832D67269501 | D32: =IF(LEFT(C32,3)="09S",LEFT(C32,14),C32) -> NXH0HAL001832D67269501 | E32: =IF(LEFT(C32,3)="09S",MID(C32,15,5),"") | F32: 413919 | G32: Acer Chromebook 11 C731 (N16Q13) preto | H32: =IFERROR(INDEX(Sistema!$F$2:$F$421,MATCH(D32,Sistema!$G$2:$G$421,0)),"Não encontrado") -> Carrinho 02 ( AMARELO) | I32: =IFERROR(INDEX(Sistema!$C$2:$C$421,MATCH(D32,Sistema!$G$2:$G$421,0)),"") -> Acer Chromebook 11 N7 (C731, C731T) | J32: =IF(LEFT(C32,3)="09S",IFERROR(MID(INDEX(Sistema!$D$2:$D$421,MATCH(D32,Sistema!$G$2:$G$421,0)),15,5),""),"") | K32: =IF(H32="Não encontrado","Não encontrado",IF(H32<>A32,"Local diferente",IF(AND(E32<>"",J32<>"",UPPER(E32)<>UPPER(J32)),"Letra final diferente","Confere"))) -> Confere
A33: Carrinho 02 ( AMARELO) | B33: 2 | C33: NXH0HAL001832D5D789501 | D33: =IF(LEFT(C33,3)="09S",LEFT(C33,14),C33) -> NXH0HAL001832D5D789501 | E33: =IF(LEFT(C33,3)="09S",MID(C33,15,5),"") | F33: 415295 | G33: Acer Chromebook 11 C731 (N16Q13) preto | H33: =IFERROR(INDEX(Sistema!$F$2:$F$421,MATCH(D33,Sistema!$G$2:$G$421,0)),"Não encontrado") -> Carrinho 02 ( AMARELO) | I33: =IFERROR(INDEX(Sistema!$C$2:$C$421,MATCH(D33,Sistema!$G$2:$G$421,0)),"") -> Acer Chromebook 11 N7 (C731, C731T) | J33: =IF(LEFT(C33,3)="09S",IFERROR(MID(INDEX(Sistema!$D$2:$D$421,MATCH(D33,Sistema!$G$2:$G$421,0)),15,5),""),"") | K33: =IF(H33="Não encontrado","Não encontrado",IF(H33<>A33,"Local diferente",IF(AND(E33<>"",J33<>"",UPPER(E33)<>UPPER(J33)),"Letra final diferente","Confere"))) -> Confere | M33: as teclas seta cima, seta direita e seta baixa faltando
A34: Carrinho 02 ( AMARELO) | B34: 3 | C34: NXH0HAL001832D66CA9501 | D34: =IF(LEFT(C34,3)="09S",LEFT(C34,14),C34) -> NXH0HAL001832D66CA9501 | E34: =IF(LEFT(C34,3)="09S",MID(C34,15,5),"") | F34: 413923 | G34: Acer Chromebook 11 C731 (N16Q13) preto | H34: =IFERROR(INDEX(Sistema!$F$2:$F$421,MATCH(D34,Sistema!$G$2:$G$421,0)),"Não encontrado") -> Carrinho 02 ( AMARELO) | I34: =IFERROR(INDEX(Sistema!$C$2:$C$421,MATCH(D34,Sistema!$G$2:$G$421,0)),"") -> Acer Chromebook 11 N7 (C731, C731T) | J34: =IF(LEFT(C34,3)="09S",IFERROR(MID(INDEX(Sistema!$D$2:$D$421,MATCH(D34,Sistema!$G$2:$G$421,0)),15,5),""),"") | K34: =IF(H34="Não encontrado","Não encontrado",IF(H34<>A34,"Local diferente",IF(AND(E34<>"",J34<>"",UPPER(E34)<>UPPER(J34)),"Letra final diferente","Confere"))) -> Confere
A35: Carrinho 02 ( AMARELO) | B35: 4 | C35: NXH0HAL001832D6B599501 | D35: =IF(LEFT(C35,3)="09S",LEFT(C35,14),C35) -> NXH0HAL001832D6B599501 | E35: =IF(LEFT(C35,3)="09S",MID(C35,15,5),"") | F35: 413944 | G35: Acer Chromebook 11 C731 (N16Q13) preto | H35: =IFERROR(INDEX(Sistema!$F$2:$F$421,MATCH(D35,Sistema!$G$2:$G$421,0)),"Não encontrado") -> Carrinho 02 ( AMARELO) | I35: =IFERROR(INDEX(Sistema!$C$2:$C$421,MATCH(D35,Sistema!$G$2:$G$421,0)),"") -> Acer Chromebook 11 N7 (C731, C731T) | J35: =IF(LEFT(C35,3)="09S",IFERROR(MID(INDEX(Sistema!$D$2:$D$421,MATCH(D35,Sistema!$G$2:$G$421,0)),15,5),""),"") | K35: =IF(H35="Não encontrado","Não encontrado",IF(H35<>A35,"Local diferente",IF(AND(E35<>"",J35<>"",UPPER(E35)<>UPPER(J35)),"Letra final diferente","Confere"))) -> Confere
A36: Carrinho 02 ( AMARELO) | B36: 5 | C36: NXH0HAL001831D29089501 | D36: =IF(LEFT(C36,3)="09S",LEFT(C36,14),C36) -> NXH0HAL001831D29089501 | E36: =IF(LEFT(C36,3)="09S",MID(C36,15,5),"") | F36: 413934 | G36: Acer Chromebook 11 C731 (N16Q13) preto | H36: =IFERROR(INDEX(Sistema!$F$2:$F$421,MATCH(D36,Sistema!$G$2:$G$421,0)),"Não encontrado") -> Carrinho 02 ( AMARELO) | I36: =IFERROR(INDEX(Sistema!$C$2:$C$421,MATCH(D36,Sistema!$G$2:$G$421,0)),"") -> Acer Chromebook 11 N7 (C731, C731T) | J36: =IF(LEFT(C36,3)="09S",IFERROR(MID(INDEX(Sistema!$D$2:$D$421,MATCH(D36,Sistema!$G$2:$G$421,0)),15,5),""),"") | K36: =IF(H36="Não encontrado","Não encontrado",IF(H36<>A36,"Local diferente",IF(AND(E36<>"",J36<>"",UPPER(E36)<>UPPER(J36)),"Letra final diferente","Confere"))) -> Confere
A37: Carrinho 02 ( AMARELO) | B37: 6 | C37: NXH0HAL001832D65759501 | D37: =IF(LEFT(C37,3)="09S",LEFT(C37,14),C37) -> NXH0HAL001832D65759501 | E37: =IF(LEFT(C37,3)="09S",MID(C37,15,5),"") | F37: 413915 | G37: Acer Chromebook 11 C731 (N16Q13) preto | H37: =IFERROR(INDEX(Sistema!$F$2:$F$421,MATCH(D37,Sistema!$G$2:$G$421,0)),"Não encontrado") -> Carrinho 02 ( AMARELO) | I37: =IFERROR(INDEX(Sistema!$C$2:$C$421,MATCH(D37,Sistema!$G$2:$G$421,0)),"") -> Acer Chromebook 11 N7 (C731, C731T) | J37: =IF(LEFT(C37,3)="09S",IFERROR(MID(INDEX(Sistema!$D$2:$D$421,MATCH(D37,Sistema!$G$2:$G$421,0)),15,5),""),"") | K37: =IF(H37="Não encontrado","Não encontrado",IF(H37<>A37,"Local diferente",IF(AND(E37<>"",J37<>"",UPPER(E37)<>UPPER(J37)),"Letra final diferente","Confere"))) -> Confere
A38: Carrinho 02 ( AMARELO) | B38: 7 | C38: NXH0HAL001832D65779501 | D38: =IF(LEFT(C38,3)="09S",LEFT(C38,14),C38) -> NXH0HAL001832D65779501 | E38: =IF(LEFT(C38,3)="09S",MID(C38,15,5),"") | F38: 413931 | G38: Acer Chromebook 11 C731 (N16Q13) preto | H38: =IFERROR(INDEX(Sistema!$F$2:$F$421,MATCH(D38,Sistema!$G$2:$G$421,0)),"Não encontrado") -> Carrinho 02 ( AMARELO) | I38: =IFERROR(INDEX(Sistema!$C$2:$C$421,MATCH(D38,Sistema!$G$2:$G$421,0)),"") -> Acer Chromebook 11 N7 (C731, C731T) | J38: =IF(LEFT(C38,3)="09S",IFERROR(MID(INDEX(Sistema!$D$2:$D$421,MATCH(D38,Sistema!$G$2:$G$421,0)),15,5),""),"") | K38: =IF(H38="Não encontrado","Não encontrado",IF(H38<>A38,"Local diferente",IF(AND(E38<>"",J38<>"",UPPER(E38)<>UPPER(J38)),"Letra final diferente","Confere"))) -> Confere
A39: Carrinho 02 ( AMARELO) | B39: 8 | C39: NXH0HAL001832D65699501 | D39: =IF(LEFT(C39,3)="09S",LEFT(C39,14),C39) -> NXH0HAL001832D65699501 | E39: =IF(LEFT(C39,3)="09S",MID(C39,15,5),"") | F39: 413749 | G39: Acer Chromebook 11 C731 (N16Q13) preto | H39: =IFERROR(INDEX(Sistema!$F$2:$F$421,MATCH(D39,Sistema!$G$2:$G$421,0)),"Não encontrado") -> Carrinho 02 ( AMARELO) | I39: =IFERROR(INDEX(Sistema!$C$2:$C$421,MATCH(D39,Sistema!$G$2:$G$421,0)),"") -> Acer Chromebook 11 N7 (C731, C731T) | J39: =IF(LEFT(C39,3)="09S",IFERROR(MID(INDEX(Sistema!$D$2:$D$421,MATCH(D39,Sistema!$G$2:$G$421,0)),15,5),""),"") | K39: =IF(H39="Não encontrado","Não encontrado",IF(H39<>A39,"Local diferente",IF(AND(E39<>"",J39<>"",UPPER(E39)<>UPPER(J39)),"Letra final diferente","Confere"))) -> Confere
A40: Carrinho 02 ( AMARELO) | B40: 9 | C40: NXH0HAL0018481E9499501 | D40: =IF(LEFT(C40,3)="09S",LEFT(C40,14),C40) -> NXH0HAL0018481E9499501 | E40: =IF(LEFT(C40,3)="09S",MID(C40,15,5),"") | F40: 413735 | G40: Acer Chromebook 11 C731 (N16Q13) preto | H40: =IFERROR(INDEX(Sistema!$F$2:$F$421,MATCH(D40,Sistema!$G$2:$G$421,0)),"Não encontrado") -> Carrinho 02 ( AMARELO) | I40: =IFERROR(INDEX(Sistema!$C$2:$C$421,MATCH(D40,Sistema!$G$2:$G$421,0)),"") -> Acer Chromebook 11 N7 (C731, C731T) | J40: =IF(LEFT(C40,3)="09S",IFERROR(MID(INDEX(Sistema!$D$2:$D$421,MATCH(D40,Sistema!$G$2:$G$421,0)),15,5),""),"") | K40: =IF(H40="Não encontrado","Não encontrado",IF(H40<>A40,"Local diferente",IF(AND(E40<>"",J40<>"",UPPER(E40)<>UPPER(J40)),"Letra final diferente","Confere"))) -> Confere
A41: Carrinho 02 ( AMARELO) | B41: 10 | C41: NXH0HAL001832D65419501 | D41: =IF(LEFT(C41,3)="09S",LEFT(C41,14),C41) -> NXH0HAL001832D65419501 | E41: =IF(LEFT(C41,3)="09S",MID(C41,15,5),"") | F41: 413946 | G41: Acer Chromebook 11 C731 (N16Q13) preto | H41: =IFERROR(INDEX(Sistema!$F$2:$F$421,MATCH(D41,Sistema!$G$2:$G$421,0)),"Não encontrado") -> Carrinho 02 ( AMARELO) | I41: =IFERROR(INDEX(Sistema!$C$2:$C$421,MATCH(D41,Sistema!$G$2:$G$421,0)),"") -> Acer Chromebook 11 N7 (C731, C731T) | J41: =IF(LEFT(C41,3)="09S",IFERROR(MID(INDEX(Sistema!$D$2:$D$421,MATCH(D41,Sistema!$G$2:$G$421,0)),15,5),""),"") | K41: =IF(H41="Não encontrado","Não encontrado",IF(H41<>A41,"Local diferente",IF(AND(E41<>"",J41<>"",UPPER(E41)<>UPPER(J41)),"Letra final diferente","Confere"))) -> Confere
A42: Carrinho 02 ( AMARELO) | B42: 11 | C42: NXH0HAL001830D18C09501 | D42: =IF(LEFT(C42,3)="09S",LEFT(C42,14),C42) -> NXH0HAL001830D18C09501 | E42: =IF(LEFT(C42,3)="09S",MID(C42,15,5),"") | F42: 414529 | G42: Acer Chromebook 11 C731 (N16Q13) preto | H42: =IFERROR(INDEX(Sistema!$F$2:$F$421,MATCH(D42,Sistema!$G$2:$G$421,0)),"Não encontrado") -> Carrinho 02 ( AMARELO) | I42: =IFERROR(INDEX(Sistema!$C$2:$C$421,MATCH(D42,Sistema!$G$2:$G$421,0)),"") -> Acer Chromebook 11 N7 (C731, C731T) | J42: =IF(LEFT(C42,3)="09S",IFERROR(MID(INDEX(Sistema!$D$2:$D$421,MATCH(D42,Sistema!$G$2:$G$421,0)),15,5),""),"") | K42: =IF(H42="Não encontrado","Não encontrado",IF(H42<>A42,"Local diferente",IF(AND(E42<>"",J42<>"",UPPER(E42)<>UPPER(J42)),"Letra final diferente","Confere"))) -> Confere
A43: Carrinho 02 ( AMARELO) | B43: 12 | C43: NXH0HAL001830D20CC9501 | D43: =IF(LEFT(C43,3)="09S",LEFT(C43,14),C43) -> NXH0HAL001830D20CC9501 | E43: =IF(LEFT(C43,3)="09S",MID(C43,15,5),"") | F43: 413967 | G43: Acer Chromebook 11 C731 (N16Q13) preto | H43: =IFERROR(INDEX(Sistema!$F$2:$F$421,MATCH(D43,Sistema!$G$2:$G$421,0)),"Não encontrado") -> Carrinho 02 ( AMARELO) | I43: =IFERROR(INDEX(Sistema!$C$2:$C$421,MATCH(D43,Sistema!$G$2:$G$421,0)),"") -> Acer Chromebook 11 N7 (C731, C731T) | J43: =IF(LEFT(C43,3)="09S",IFERROR(MID(INDEX(Sistema!$D$2:$D$421,MATCH(D43,Sistema!$G$2:$G$421,0)),15,5),""),"") | K43: =IF(H43="Não encontrado","Não encontrado",IF(H43<>A43,"Local diferente",IF(AND(E43<>"",J43<>"",UPPER(E43)<>UPPER(J43)),"Letra final diferente","Confere"))) -> Confere
A44: Carrinho 02 ( AMARELO) | B44: 13 | C44: NXH0HAL001830D1BAD9501 | D44: =IF(LEFT(C44,3)="09S",LEFT(C44,14),C44) -> NXH0HAL001830D1BAD9501 | E44: =IF(LEFT(C44,3)="09S",MID(C44,15,5),"") | F44: 414350 | G44: Acer Chromebook 11 C731 (N16Q13) preto | H44: =IFERROR(INDEX(Sistema!$F$2:$F$421,MATCH(D44,Sistema!$G$2:$G$421,0)),"Não encontrado") -> Carrinho 02 ( AMARELO) | I44: =IFERROR(INDEX(Sistema!$C$2:$C$421,MATCH(D44,Sistema!$G$2:$G$421,0)),"") -> Acer Chromebook 11 N7 (C731, C731T) | J44: =IF(LEFT(C44,3)="09S",IFERROR(MID(INDEX(Sistema!$D$2:$D$421,MATCH(D44,Sistema!$G$2:$G$421,0)),15,5),""),"") | K44: =IF(H44="Não encontrado","Não encontrado",IF(H44<>A44,"Local diferente",IF(AND(E44<>"",J44<>"",UPPER(E44)<>UPPER(J44)),"Letra final diferente","Confere"))) -> Confere
A45: Carrinho 02 ( AMARELO) | B45: 14 | C45: NXH0HAL001832D672A9501 | D45: =IF(LEFT(C45,3)="09S",LEFT(C45,14),C45) -> NXH0HAL001832D672A9501 | E45: =IF(LEFT(C45,3)="09S",MID(C45,15,5),"") | F45: 413906 | G45: Acer Chromebook 11 C731 (N16Q13) preto | H45: =IFERROR(INDEX(Sistema!$F$2:$F$421,MATCH(D45,Sistema!$G$2:$G$421,0)),"Não encontrado") -> Carrinho 02 ( AMARELO) | I45: =IFERROR(INDEX(Sistema!$C$2:$C$421,MATCH(D45,Sistema!$G$2:$G$421,0)),"") -> Acer Chromebook 11 N7 (C731, C731T) | J45: =IF(LEFT(C45,3)="09S",IFERROR(MID(INDEX(Sistema!$D$2:$D$421,MATCH(D45,Sistema!$G$2:$G$421,0)),15,5),""),"") | K45: =IF(H45="Não encontrado","Não encontrado",IF(H45<>A45,"Local diferente",IF(AND(E45<>"",J45<>"",UPPER(E45)<>UPPER(J45)),"Letra final diferente","Confere"))) -> Confere
... A56: Carrinho 02 ( AMARELO) | B56: 25 | C56: NXH0HAL001832D65449501 | D56: =IF(LEFT(C56,3)="09S",LEFT(C56,14),C56) -> NXH0HAL001832D65449501 | E56: =IF(LEFT(C56,3)="09S",MID(C56,15,5),"") | F56: 413945 | G56: Acer Chromebook 11 C731 (N16Q13) preto | H56: =IFERROR(INDEX(Sistema!$F$2:$F$421,MATCH(D56,Sistema!$G$2:$G$421,0)),"Não encontrado") -> Carrinho 02 ( AMARELO) | I56: =IFERROR(INDEX(Sistema!$C$2:$C$421,MATCH(D56,Sistema!$G$2:$G$421,0)),"") -> Acer Chromebook 11 N7 (C731, C731T) | J56: =IF(LEFT(C56,3)="09S",IFERROR(MID(INDEX(Sistema!$D$2:$D$421,MATCH(D56,Sistema!$G$2:$G$421,0)),15,5),""),"") | K56: =IF(H56="Não encontrado","Não encontrado",IF(H56<>A56,"Local diferente",IF(AND(E56<>"",J56<>"",UPPER(E56)<>UPPER(J56)),"Letra final diferente","Confere"))) -> Confere
A57: Carrinho 03 ( VERMELHO - CHROME R11 - ED. IN | B57: 1 | C57: NXG54AL00274817F47600 | D57: =IF(LEFT(C57,3)="09S",LEFT(C57,14),C57) -> NXG54AL00274817F47600 | E57: =IF(LEFT(C57,3)="09S",MID(C57,15,5),"") | F57: 408646 | G57: Acer Chromebook R11 CB5-132T branco | H57: =IFERROR(INDEX(Sistema!$F$2:$F$421,MATCH(D57,Sistema!$G$2:$G$421,0)),"Não encontrado") -> Não encontrado | I57: =IFERROR(INDEX(Sistema!$C$2:$C$421,MATCH(D57,Sistema!$G$2:$G$421,0)),"") | J57: =IF(LEFT(C57,3)="09S",IFERROR(MID(INDEX(Sistema!$D$2:$D$421,MATCH(D57,Sistema!$G$2:$G$421,0)),15,5),""),"") | K57: =IF(H57="Não encontrado","Não encontrado",IF(H57<>A57,"Local diferente",IF(AND(E57<>"",J57<>"",UPPER(E57)<>UPPER(J57)),"Letra final diferente","Confere"))) -> Não encontrado | L57: Ditado com um caractere a menos (NXG54AL00274817F47600, 21 caracteres). No sistema o Carrinho 03 tem NXG54AL002748177F47600, com um 7 a mais. Provável erro de ditado: conferir a etiqueta.
A58: Carrinho 03 ( VERMELHO - CHROME R11 - ED. IN | B58: 2 | C58: NXG54AL002749009B47600 | D58: =IF(LEFT(C58,3)="09S",LEFT(C58,14),C58) -> NXG54AL002749009B47600 | E58: =IF(LEFT(C58,3)="09S",MID(C58,15,5),"") | F58: 411527 | G58: Acer Chromebook R11 CB5-132T branco | H58: =IFERROR(INDEX(Sistema!$F$2:$F$421,MATCH(D58,Sistema!$G$2:$G$421,0)),"Não encontrado") -> Carrinho 03 ( VERMELHO - CHROME R11 - ED. IN | I58: =IFERROR(INDEX(Sistema!$C$2:$C$421,MATCH(D58,Sistema!$G$2:$G$421,0)),"") -> Acer Chromebook R11 (CB5-132T, C738T) | J58: =IF(LEFT(C58,3)="09S",IFERROR(MID(INDEX(Sistema!$D$2:$D$421,MATCH(D58,Sistema!$G$2:$G$421,0)),15,5),""),"") | K58: =IF(H58="Não encontrado","Não encontrado",IF(H58<>A58,"Local diferente",IF(AND(E58<>"",J58<>"",UPPER(E58)<>UPPER(J58)),"Letra final diferente","Confere"))) -> Confere
A59: Carrinho 03 ( VERMELHO - CHROME R11 - ED. IN | B59: 3 | C59: NXG54AL0027481765A7600 | D59: =IF(LEFT(C59,3)="09S",LEFT(C59,14),C59) -> NXG54AL0027481765A7600 | E59: =IF(LEFT(C59,3)="09S",MID(C59,15,5),"") | F59: 411583 | G59: Acer Chromebook R11 CB5-132T branco | H59: =IFERROR(INDEX(Sistema!$F$2:$F$421,MATCH(D59,Sistema!$G$2:$G$421,0)),"Não encontrado") -> Carrinho 03 ( VERMELHO - CHROME R11 - ED. IN | I59: =IFERROR(INDEX(Sistema!$C$2:$C$421,MATCH(D59,Sistema!$G$2:$G$421,0)),"") -> Acer Chromebook R11 (CB5-132T, C738T) | J59: =IF(LEFT(C59,3)="09S",IFERROR(MID(INDEX(Sistema!$D$2:$D$421,MATCH(D59,Sistema!$G$2:$G$421,0)),15,5),""),"") | K59: =IF(H59="Não encontrado","Não encontrado",IF(H59<>A59,"Local diferente",IF(AND(E59<>"",J59<>"",UPPER(E59)<>UPPER(J59)),"Letra final diferente","Confere"))) -> Confere
A60: Carrinho 03 ( VERMELHO - CHROME R11 - ED. IN | B60: 4 | C60: NXG54AL002749008347600 | D60: =IF(LEFT(C60,3)="09S",LEFT(C60,14),C60) -> NXG54AL002749008347600 | E60: =IF(LEFT(C60,3)="09S",MID(C60,15,5),"") | F60: 408519 | G60: Acer Chromebook R11 CB5-132T branco | H60: =IFERROR(INDEX(Sistema!$F$2:$F$421,MATCH(D60,Sistema!$G$2:$G$421,0)),"Não encontrado") -> Carrinho 03 ( VERMELHO - CHROME R11 - ED. IN | I60: =IFERROR(INDEX(Sistema!$C$2:$C$421,MATCH(D60,Sistema!$G$2:$G$421,0)),"") -> Acer Chromebook R11 (CB5-132T, C738T) | J60: =IF(LEFT(C60,3)="09S",IFERROR(MID(INDEX(Sistema!$D$2:$D$421,MATCH(D60,Sistema!$G$2:$G$421,0)),15,5),""),"") | K60: =IF(H60="Não encontrado","Não encontrado",IF(H60<>A60,"Local diferente",IF(AND(E60<>"",J60<>"",UPPER(E60)<>UPPER(J60)),"Letra final diferente","Confere"))) -> Confere
A61: Carrinho 03 ( VERMELHO - CHROME R11 - ED. IN | B61: 5 | C61: NXG54AL0027430A0E07600 | D61: =IF(LEFT(C61,3)="09S",LEFT(C61,14),C61) -> NXG54AL0027430A0E07600 | E61: =IF(LEFT(C61,3)="09S",MID(C61,15,5),"") | F61: 411307 | G61: Acer Chromebook R11 CB5-132T branco | H61: =IFERROR(INDEX(Sistema!$F$2:$F$421,MATCH(D61,Sistema!$G$2:$G$421,0)),"Não encontrado") -> Carrinho 03 ( VERMELHO - CHROME R11 - ED. IN | I61: =IFERROR(INDEX(Sistema!$C$2:$C$421,MATCH(D61,Sistema!$G$2:$G$421,0)),"") -> Acer Chromebook R11 (CB5-132T, C738T) | J61: =IF(LEFT(C61,3)="09S",IFERROR(MID(INDEX(Sistema!$D$2:$D$421,MATCH(D61,Sistema!$G$2:$G$421,0)),15,5),""),"") | K61: =IF(H61="Não encontrado","Não encontrado",IF(H61<>A61,"Local diferente",IF(AND(E61<>"",J61<>"",UPPER(E61)<>UPPER(J61)),"Letra final diferente","Confere"))) -> Confere
A62: Carrinho 03 ( VERMELHO - CHROME R11 - ED. IN | B62: 6 | C62: NXG54AL002749005BF7600 | D62: =IF(LEFT(C62,3)="09S",LEFT(C62,14),C62) -> NXG54AL002749005BF7600 | E62: =IF(LEFT(C62,3)="09S",MID(C62,15,5),"") | F62: 407725 | G62: Acer Chromebook R11 CB5-132T branco | H62: =IFERROR(INDEX(Sistema!$F$2:$F$421,MATCH(D62,Sistema!$G$2:$G$421,0)),"Não encontrado") -> Carrinho 03 ( VERMELHO - CHROME R11 - ED. IN | I62: =IFERROR(INDEX(Sistema!$C$2:$C$421,MATCH(D62,Sistema!$G$2:$G$421,0)),"") -> Acer Chromebook R11 (CB5-132T, C738T) | J62: =IF(LEFT(C62,3)="09S",IFERROR(MID(INDEX(Sistema!$D$2:$D$421,MATCH(D62,Sistema!$G$2:$G$421,0)),15,5),""),"") | K62: =IF(H62="Não encontrado","Não encontrado",IF(H62<>A62,"Local diferente",IF(AND(E62<>"",J62<>"",UPPER(E62)<>UPPER(J62)),"Letra final diferente","Confere"))) -> Confere
A63: Carrinho 03 ( VERMELHO - CHROME R11 - ED. IN | B63: 7 | C63: NXG54AL0027430673A7600 | D63: =IF(LEFT(C63,3)="09S",LEFT(C63,14),C63) -> NXG54AL0027430673A7600 | E63: =IF(LEFT(C63,3)="09S",MID(C63,15,5),"") | F63: 410622 | G63: Acer Chromebook R11 CB5-132T branco | H63: =IFERROR(INDEX(Sistema!$F$2:$F$421,MATCH(D63,Sistema!$G$2:$G$421,0)),"Não encontrado") -> Carrinho 03 ( VERMELHO - CHROME R11 - ED. IN | I63: =IFERROR(INDEX(Sistema!$C$2:$C$421,MATCH(D63,Sistema!$G$2:$G$421,0)),"") -> Acer Chromebook R11 (CB5-132T, C738T) | J63: =IF(LEFT(C63,3)="09S",IFERROR(MID(INDEX(Sistema!$D$2:$D$421,MATCH(D63,Sistema!$G$2:$G$421,0)),15,5),""),"") | K63: =IF(H63="Não encontrado","Não encontrado",IF(H63<>A63,"Local diferente",IF(AND(E63<>"",J63<>"",UPPER(E63)<>UPPER(J63)),"Letra final diferente","Confere"))) -> Confere
A64: Carrinho 03 ( VERMELHO - CHROME R11 - ED. IN | B64: 8 | C64: NXG54AL002749005CE7600 | D64: =IF(LEFT(C64,3)="09S",LEFT(C64,14),C64) -> NXG54AL002749005CE7600 | E64: =IF(LEFT(C64,3)="09S",MID(C64,15,5),"") | F64: 408738 | G64: Acer Chromebook R11 CB5-132T branco | H64: =IFERROR(INDEX(Sistema!$F$2:$F$421,MATCH(D64,Sistema!$G$2:$G$421,0)),"Não encontrado") -> Carrinho 03 ( VERMELHO - CHROME R11 - ED. IN | I64: =IFERROR(INDEX(Sistema!$C$2:$C$421,MATCH(D64,Sistema!$G$2:$G$421,0)),"") -> Acer Chromebook R11 (CB5-132T, C738T) | J64: =IF(LEFT(C64,3)="09S",IFERROR(MID(INDEX(Sistema!$D$2:$D$421,MATCH(D64,Sistema!$G$2:$G$421,0)),15,5),""),"") | K64: =IF(H64="Não encontrado","Não encontrado",IF(H64<>A64,"Local diferente",IF(AND(E64<>"",J64<>"",UPPER(E64)<>UPPER(J64)),"Letra final diferente","Confere"))) -> Confere | M64: tela piscando sozinha – danificada
A65: Carrinho 03 ( VERMELHO - CHROME R11 - ED. IN | B65: 9 | C65: NXG54AL002749008FB7600 | D65: =IF(LEFT(C65,3)="09S",LEFT(C65,14),C65) -> NXG54AL002749008FB7600 | E65: =IF(LEFT(C65,3)="09S",MID(C65,15,5),"") | F65: 409015 | G65: Acer Chromebook R11 CB5-132T branco | H65: =IFERROR(INDEX(Sistema!$F$2:$F$421,MATCH(D65,Sistema!$G$2:$G$421,0)),"Não encontrado") -> Carrinho 03 ( VERMELHO - CHROME R11 - ED. IN | I65: =IFERROR(INDEX(Sistema!$C$2:$C$421,MATCH(D65,Sistema!$G$2:$G$421,0)),"") -> Acer Chromebook R11 (CB5-132T, C738T) | J65: =IF(LEFT(C65,3)="09S",IFERROR(MID(INDEX(Sistema!$D$2:$D$421,MATCH(D65,Sistema!$G$2:$G$421,0)),15,5),""),"") | K65: =IF(H65="Não encontrado","Não encontrado",IF(H65<>A65,"Local diferente",IF(AND(E65<>"",J65<>"",UPPER(E65)<>UPPER(J65)),"Letra final diferente","Confere"))) -> Confere
A66: Carrinho 03 ( VERMELHO - CHROME R11 - ED. IN | B66: 10 | C66: NXG54AL00274817AC17600 | D66: =IF(LEFT(C66,3)="09S",LEFT(C66,14),C66) -> NXG54AL00274817AC17600 | E66: =IF(LEFT(C66,3)="09S",MID(C66,15,5),"") | F66: 411601 | G66: Acer Chromebook R11 CB5-132T branco | H66: =IFERROR(INDEX(Sistema!$F$2:$F$421,MATCH(D66,Sistema!$G$2:$G$421,0)),"Não encontrado") -> Carrinho 03 ( VERMELHO - CHROME R11 - ED. IN | I66: =IFERROR(INDEX(Sistema!$C$2:$C$421,MATCH(D66,Sistema!$G$2:$G$421,0)),"") -> Acer Chromebook R11 (CB5-132T, C738T) | J66: =IF(LEFT(C66,3)="09S",IFERROR(MID(INDEX(Sistema!$D$2:$D$421,MATCH(D66,Sistema!$G$2:$G$421,0)),15,5),""),"") | K66: =IF(H66="Não encontrado","Não encontrado",IF(H66<>A66,"Local diferente",IF(AND(E66<>"",J66<>"",UPPER(E66)<>UPPER(J66)),"Letra final diferente","Confere"))) -> Confere
A67: Carrinho 03 ( VERMELHO - CHROME R11 - ED. IN | B67: 11 | C67: NXG54AL00274309EE47600 | D67: =IF(LEFT(C67,3)="09S",LEFT(C67,14),C67) -> NXG54AL00274309EE47600 | E67: =IF(LEFT(C67,3)="09S",MID(C67,15,5),"") | F67: 411347 | G67: Acer Chromebook R11 CB5-132T branco | H67: =IFERROR(INDEX(Sistema!$F$2:$F$421,MATCH(D67,Sistema!$G$2:$G$421,0)),"Não encontrado") -> Carrinho 03 ( VERMELHO - CHROME R11 - ED. IN | I67: =IFERROR(INDEX(Sistema!$C$2:$C$421,MATCH(D67,Sistema!$G$2:$G$421,0)),"") -> Acer Chromebook R11 (CB5-132T, C738T) | J67: =IF(LEFT(C67,3)="09S",IFERROR(MID(INDEX(Sistema!$D$2:$D$421,MATCH(D67,Sistema!$G$2:$G$421,0)),15,5),""),"") | K67: =IF(H67="Não encontrado","Não encontrado",IF(H67<>A67,"Local diferente",IF(AND(E67<>"",J67<>"",UPPER(E67)<>UPPER(J67)),"Letra final diferente","Confere"))) -> Confere
A68: Carrinho 03 ( VERMELHO - CHROME R11 - ED. IN | B68: 12 | C68: NXG54AL002748179CB7600 | D68: =IF(LEFT(C68,3)="09S",LEFT(C68,14),C68) -> NXG54AL002748179CB7600 | E68: =IF(LEFT(C68,3)="09S",MID(C68,15,5),"") | F68: Não localizado | G68: Acer Chromebook R11 CB5-132T branco | H68: =IFERROR(INDEX(Sistema!$F$2:$F$421,MATCH(D68,Sistema!$G$2:$G$421,0)),"Não encontrado") -> Carrinho 03 ( VERMELHO - CHROME R11 - ED. IN | I68: =IFERROR(INDEX(Sistema!$C$2:$C$421,MATCH(D68,Sistema!$G$2:$G$421,0)),"") -> Acer Chromebook R11 (CB5-132T, C738T) | J68: =IF(LEFT(C68,3)="09S",IFERROR(MID(INDEX(Sistema!$D$2:$D$421,MATCH(D68,Sistema!$G$2:$G$421,0)),15,5),""),"") | K68: =IF(H68="Não encontrado","Não encontrado",IF(H68<>A68,"Local diferente",IF(AND(E68<>"",J68<>"",UPPER(E68)<>UPPER(J68)),"Letra final diferente","Confere"))) -> Confere | M68: Não foi possível localizar o número do patrimônio
A69: Carrinho 03 ( VERMELHO - CHROME R11 - ED. IN | B69: 13 | C69: NXG54AL00274817A777600 | D69: =IF(LEFT(C69,3)="09S",LEFT(C69,14),C69) -> NXG54AL00274817A777600 | E69: =IF(LEFT(C69,3)="09S",MID(C69,15,5),"") | F69: 411558 | G69: Acer Chromebook R11 CB5-132T branco | H69: =IFERROR(INDEX(Sistema!$F$2:$F$421,MATCH(D69,Sistema!$G$2:$G$421,0)),"Não encontrado") -> Carrinho 03 ( VERMELHO - CHROME R11 - ED. IN | I69: =IFERROR(INDEX(Sistema!$C$2:$C$421,MATCH(D69,Sistema!$G$2:$G$421,0)),"") -> Acer Chromebook R11 (CB5-132T, C738T) | J69: =IF(LEFT(C69,3)="09S",IFERROR(MID(INDEX(Sistema!$D$2:$D$421,MATCH(D69,Sistema!$G$2:$G$421,0)),15,5),""),"") | K69: =IF(H69="Não encontrado","Não encontrado",IF(H69<>A69,"Local diferente",IF(AND(E69<>"",J69<>"",UPPER(E69)<>UPPER(J69)),"Letra final diferente","Confere"))) -> Confere
A70: Carrinho 03 ( VERMELHO - CHROME R11 - ED. IN | B70: 14 | C70: NXG54AL00274309FD77600 | D70: =IF(LEFT(C70,3)="09S",LEFT(C70,14),C70) -> NXG54AL00274309FD77600 | E70: =IF(LEFT(C70,3)="09S",MID(C70,15,5),"") | F70: 411341 | G70: Acer Chromebook R11 CB5-132T branco | H70: =IFERROR(INDEX(Sistema!$F$2:$F$421,MATCH(D70,Sistema!$G$2:$G$421,0)),"Não encontrado") -> Carrinho 03 ( VERMELHO - CHROME R11 - ED. IN | I70: =IFERROR(INDEX(Sistema!$C$2:$C$421,MATCH(D70,Sistema!$G$2:$G$421,0)),"") -> Acer Chromebook R11 (CB5-132T, C738T) | J70: =IF(LEFT(C70,3)="09S",IFERROR(MID(INDEX(Sistema!$D$2:$D$421,MATCH(D70,Sistema!$G$2:$G$421,0)),15,5),""),"") | K70: =IF(H70="Não encontrado","Não encontrado",IF(H70<>A70,"Local diferente",IF(AND(E70<>"",J70<>"",UPPER(E70)<>UPPER(J70)),"Letra final diferente","Confere"))) -> Confere
A71: Carrinho 03 ( VERMELHO - CHROME R11 - ED. IN | B71: 15 | C71: NXG54AL0027430A1067600 | D71: =IF(LEFT(C71,3)="09S",LEFT(C71,14),C71) -> NXG54AL0027430A1067600 | E71: =IF(LEFT(C71,3)="09S",MID(C71,15,5),"") | F71: 411263 | G71: Acer Chromebook R11 CB5-132T branco | H71: =IFERROR(INDEX(Sistema!$F$2:$F$421,MATCH(D71,Sistema!$G$2:$G$421,0)),"Não encontrado") -> Carrinho 03 ( VERMELHO - CHROME R11 - ED. IN | I71: =IFERROR(INDEX(Sistema!$C$2:$C$421,MATCH(D71,Sistema!$G$2:$G$421,0)),"") -> Acer Chromebook R11 (CB5-132T, C738T) | J71: =IF(LEFT(C71,3)="09S",IFERROR(MID(INDEX(Sistema!$D$2:$D$421,MATCH(D71,Sistema!$G$2:$G$421,0)),15,5),""),"") | K71: =IF(H71="Não encontrado","Não encontrado",IF(H71<>A71,"Local diferente",IF(AND(E71<>"",J71<>"",UPPER(E71)<>UPPER(J71)),"Letra final diferente","Confere"))) -> Confere | M71: a tela está com problema. Não fica fixa, fica tremendo
A72: Carrinho 03 ( VERMELHO - CHROME R11 - ED. IN | B72: 16 | C72: NXG54AL002749009BD7600 | D72: =IF(LEFT(C72,3)="09S",LEFT(C72,14),C72) -> NXG54AL002749009BD7600 | E72: =IF(LEFT(C72,3)="09S",MID(C72,15,5),"") | F72: 409809 | G72: Acer Chromebook R11 CB5-132T branco | H72: =IFERROR(INDEX(Sistema!$F$2:$F$421,MATCH(D72,Sistema!$G$2:$G$421,0)),"Não encontrado") -> Carrinho 03 ( VERMELHO - CHROME R11 - ED. IN | I72: =IFERROR(INDEX(Sistema!$C$2:$C$421,MATCH(D72,Sistema!$G$2:$G$421,0)),"") -> Acer Chromebook R11 (CB5-132T, C738T) | J72: =IF(LEFT(C72,3)="09S",IFERROR(MID(INDEX(Sistema!$D$2:$D$421,MATCH(D72,Sistema!$G$2:$G$421,0)),15,5),""),"") | K72: =IF(H72="Não encontrado","Não encontrado",IF(H72<>A72,"Local diferente",IF(AND(E72<>"",J72<>"",UPPER(E72)<>UPPER(J72)),"Letra final diferente","Confere"))) -> Confere
A73: Carrinho 03 ( VERMELHO - CHROME R11 - ED. IN | B73: 17 | C73: NXG54AL002749005F57600 | D73: =IF(LEFT(C73,3)="09S",LEFT(C73,14),C73) -> NXG54AL002749005F57600 | E73: =IF(LEFT(C73,3)="09S",MID(C73,15,5),"") | F73: 409996 | G73: Acer Chromebook R11 CB5-132T branco | H73: =IFERROR(INDEX(Sistema!$F$2:$F$421,MATCH(D73,Sistema!$G$2:$G$421,0)),"Não encontrado") -> Carrinho 03 ( VERMELHO - CHROME R11 - ED. IN | I73: =IFERROR(INDEX(Sistema!$C$2:$C$421,MATCH(D73,Sistema!$G$2:$G$421,0)),"") -> Acer Chromebook R11 (CB5-132T, C738T) | J73: =IF(LEFT(C73,3)="09S",IFERROR(MID(INDEX(Sistema!$D$2:$D$421,MATCH(D73,Sistema!$G$2:$G$421,0)),15,5),""),"") | K73: =IF(H73="Não encontrado","Não encontrado",IF(H73<>A73,"Local diferente",IF(AND(E73<>"",J73<>"",UPPER(E73)<>UPPER(J73)),"Letra final diferente","Confere"))) -> Confere | M73: está com a dobradiça quebrada
A74: Carrinho 03 ( VERMELHO - CHROME R11 - ED. IN | B74: 18 | C74: NXG54AL002748178867600 | D74: =IF(LEFT(C74,3)="09S",LEFT(C74,14),C74) -> NXG54AL002748178867600 | E74: =IF(LEFT(C74,3)="09S",MID(C74,15,5),"") | F74: 408536 | G74: Acer Chromebook R11 CB5-132T branco | H74: =IFERROR(INDEX(Sistema!$F$2:$F$421,MATCH(D74,Sistema!$G$2:$G$421,0)),"Não encontrado") -> Carrinho 03 ( VERMELHO - CHROME R11 - ED. IN | I74: =IFERROR(INDEX(Sistema!$C$2:$C$421,MATCH(D74,Sistema!$G$2:$G$421,0)),"") -> Acer Chromebook R11 (CB5-132T, C738T) | J74: =IF(LEFT(C74,3)="09S",IFERROR(MID(INDEX(Sistema!$D$2:$D$421,MATCH(D74,Sistema!$G$2:$G$421,0)),15,5),""),"") | K74: =IF(H74="Não encontrado","Não encontrado",IF(H74<>A74,"Local diferente",IF(AND(E74<>"",J74<>"",UPPER(E74)<>UPPER(J74)),"Letra final diferente","Confere"))) -> Confere
A75: Carrinho 03 ( VERMELHO - CHROME R11 - ED. IN | B75: 19 | C75: NXG54AL00274817A6C7600 | D75: =IF(LEFT(C75,3)="09S",LEFT(C75,14),C75) -> NXG54AL00274817A6C7600 | E75: =IF(LEFT(C75,3)="09S",MID(C75,15,5),"") | F75: 409825 | G75: Acer Chromebook R11 CB5-132T branco | H75: =IFERROR(INDEX(Sistema!$F$2:$F$421,MATCH(D75,Sistema!$G$2:$G$421,0)),"Não encontrado") -> Carrinho 03 ( VERMELHO - CHROME R11 - ED. IN | I75: =IFERROR(INDEX(Sistema!$C$2:$C$421,MATCH(D75,Sistema!$G$2:$G$421,0)),"") -> Acer Chromebook R11 (CB5-132T, C738T) | J75: =IF(LEFT(C75,3)="09S",IFERROR(MID(INDEX(Sistema!$D$2:$D$421,MATCH(D75,Sistema!$G$2:$G$421,0)),15,5),""),"") | K75: =IF(H75="Não encontrado","Não encontrado",IF(H75<>A75,"Local diferente",IF(AND(E75<>"",J75<>"",UPPER(E75)<>UPPER(J75)),"Letra final diferente","Confere"))) -> Confere
A76: Carrinho 03 ( VERMELHO - CHROME R11 - ED. IN | B76: 20 | C76: NXG54AL002743064D87600 | D76: =IF(LEFT(C76,3)="09S",LEFT(C76,14),C76) -> NXG54AL002743064D87600 | E76: =IF(LEFT(C76,3)="09S",MID(C76,15,5),"") | F76: 411327 | G76: Acer Chromebook R11 CB5-132T branco | H76: =IFERROR(INDEX(Sistema!$F$2:$F$421,MATCH(D76,Sistema!$G$2:$G$421,0)),"Não encontrado") -> Carrinho 03 ( VERMELHO - CHROME R11 - ED. IN | I76: =IFERROR(INDEX(Sistema!$C$2:$C$421,MATCH(D76,Sistema!$G$2:$G$421,0)),"") -> Acer Chromebook R11 (CB5-132T, C738T) | J76: =IF(LEFT(C76,3)="09S",IFERROR(MID(INDEX(Sistema!$D$2:$D$421,MATCH(D76,Sistema!$G$2:$G$421,0)),15,5),""),"") | K76: =IF(H76="Não encontrado","Não encontrado",IF(H76<>A76,"Local diferente",IF(AND(E76<>"",J76<>"",UPPER(E76)<>UPPER(J76)),"Letra final diferente","Confere"))) -> Confere
A77: Carrinho 03 ( VERMELHO - CHROME R11 - ED. IN | B77: 21 | C77: NXG54AL0027430648F7600 | D77: =IF(LEFT(C77,3)="09S",LEFT(C77,14),C77) -> NXG54AL0027430648F7600 | E77: =IF(LEFT(C77,3)="09S",MID(C77,15,5),"") | F77: 408561 | G77: Acer Chromebook R11 CB5-132T branco | H77: =IFERROR(INDEX(Sistema!$F$2:$F$421,MATCH(D77,Sistema!$G$2:$G$421,0)),"Não encontrado") -> Carrinho 03 ( VERMELHO - CHROME R11 - ED. IN | I77: =IFERROR(INDEX(Sistema!$C$2:$C$421,MATCH(D77,Sistema!$G$2:$G$421,0)),"") -> Acer Chromebook R11 (CB5-132T, C738T) | J77: =IF(LEFT(C77,3)="09S",IFERROR(MID(INDEX(Sistema!$D$2:$D$421,MATCH(D77,Sistema!$G$2:$G$421,0)),15,5),""),"") | K77: =IF(H77="Não encontrado","Não encontrado",IF(H77<>A77,"Local diferente",IF(AND(E77<>"",J77<>"",UPPER(E77)<>UPPER(J77)),"Letra final diferente","Confere"))) -> Confere
A78: Carrinho 03 ( VERMELHO - CHROME R11 - ED. IN | B78: 22 | C78: NXG54AL002749056B37600 | D78: =IF(LEFT(C78,3)="09S",LEFT(C78,14),C78) -> NXG54AL002749056B37600 | E78: =IF(LEFT(C78,3)="09S",MID(C78,15,5),"") | F78: 411702 | G78: Acer Chromebook R11 CB5-132T branco | H78: =IFERROR(INDEX(Sistema!$F$2:$F$421,MATCH(D78,Sistema!$G$2:$G$421,0)),"Não encontrado") -> Carrinho 03 ( VERMELHO - CHROME R11 - ED. IN | I78: =IFERROR(INDEX(Sistema!$C$2:$C$421,MATCH(D78,Sistema!$G$2:$G$421,0)),"") -> Acer Chromebook R11 (CB5-132T, C738T) | J78: =IF(LEFT(C78,3)="09S",IFERROR(MID(INDEX(Sistema!$D$2:$D$421,MATCH(D78,Sistema!$G$2:$G$421,0)),15,5),""),"") | K78: =IF(H78="Não encontrado","Não encontrado",IF(H78<>A78,"Local diferente",IF(AND(E78<>"",J78<>"",UPPER(E78)<>UPPER(J78)),"Letra final diferente","Confere"))) -> Confere
A79: Carrinho 03 ( VERMELHO - CHROME R11 - ED. IN | B79: 23 | C79: NXG54AL002743067C47600 | D79: =IF(LEFT(C79,3)="09S",LEFT(C79,14),C79) -> NXG54AL002743067C47600 | E79: =IF(LEFT(C79,3)="09S",MID(C79,15,5),"") | F79: 411386 | G79: Acer Chromebook R11 CB5-132T branco | H79: =IFERROR(INDEX(Sistema!$F$2:$F$421,MATCH(D79,Sistema!$G$2:$G$421,0)),"Não encontrado") -> Carrinho 03 ( VERMELHO - CHROME R11 - ED. IN | I79: =IFERROR(INDEX(Sistema!$C$2:$C$421,MATCH(D79,Sistema!$G$2:$G$421,0)),"") -> Acer Chromebook R11 (CB5-132T, C738T) | J79: =IF(LEFT(C79,3)="09S",IFERROR(MID(INDEX(Sistema!$D$2:$D$421,MATCH(D79,Sistema!$G$2:$G$421,0)),15,5),""),"") | K79: =IF(H79="Não encontrado","Não encontrado",IF(H79<>A79,"Local diferente",IF(AND(E79<>"",J79<>"",UPPER(E79)<>UPPER(J79)),"Letra final diferente","Confere"))) -> Confere
A80: Carrinho 03 ( VERMELHO - CHROME R11 - ED. IN | B80: 24 | C80: NXG54AL002749007507600 | D80: =IF(LEFT(C80,3)="09S",LEFT(C80,14),C80) -> NXG54AL002749007507600 | E80: =IF(LEFT(C80,3)="09S",MID(C80,15,5),"") | F80: 411513 | G80: Acer Chromebook R11 CB5-132T branco | H80: =IFERROR(INDEX(Sistema!$F$2:$F$421,MATCH(D80,Sistema!$G$2:$G$421,0)),"Não encontrado") -> Carrinho 03 ( VERMELHO - CHROME R11 - ED. IN | I80: =IFERROR(INDEX(Sistema!$C$2:$C$421,MATCH(D80,Sistema!$G$2:$G$421,0)),"") -> Acer Chromebook R11 (CB5-132T, C738T) | J80: =IF(LEFT(C80,3)="09S",IFERROR(MID(INDEX(Sistema!$D$2:$D$421,MATCH(D80,Sistema!$G$2:$G$421,0)),15,5),""),"") | K80: =IF(H80="Não encontrado","Não encontrado",IF(H80<>A80,"Local diferente",IF(AND(E80<>"",J80<>"",UPPER(E80)<>UPPER(J80)),"Letra final diferente","Confere"))) -> Confere
A81: Carrinho 03 ( VERMELHO - CHROME R11 - ED. IN | B81: 25 | C81: NXG54AL002743065F17600 | D81: =IF(LEFT(C81,3)="09S",LEFT(C81,14),C81) -> NXG54AL002743065F17600 | E81: =IF(LEFT(C81,3)="09S",MID(C81,15,5),"") | F81: Não localizado | G81: Acer Chromebook R11 CB5-132T branco | H81: =IFERROR(INDEX(Sistema!$F$2:$F$421,MATCH(D81,Sistema!$G$2:$G$421,0)),"Não encontrado") -> Carrinho 03 ( VERMELHO - CHROME R11 - ED. IN | I81: =IFERROR(INDEX(Sistema!$C$2:$C$421,MATCH(D81,Sistema!$G$2:$G$421,0)),"") -> Acer Chromebook R11 (CB5-132T, C738T) | J81: =IF(LEFT(C81,3)="09S",IFERROR(MID(INDEX(Sistema!$D$2:$D$421,MATCH(D81,Sistema!$G$2:$G$421,0)),15,5),""),"") | K81: =IF(H81="Não encontrado","Não encontrado",IF(H81<>A81,"Local diferente",IF(AND(E81<>"",J81<>"",UPPER(E81)<>UPPER(J81)),"Letra final diferente","Confere"))) -> Confere | M81: não foi possível localizar o número do patrimônio e o computador não está ligando
A82: Carrinho 03 ( VERMELHO - CHROME R11 - ED. IN | B82: 26 | C82: NXH0HAL001830D18D69501 | D82: =IF(LEFT(C82,3)="09S",LEFT(C82,14),C82) -> NXH0HAL001830D18D69501 | E82: =IF(LEFT(C82,3)="09S",MID(C82,15,5),"") | F82: 414451 | G82: Acer Chromebook 11 C731 preto | H82: =IFERROR(INDEX(Sistema!$F$2:$F$421,MATCH(D82,Sistema!$G$2:$G$421,0)),"Não encontrado") -> CARRINHO RESERVA | I82: =IFERROR(INDEX(Sistema!$C$2:$C$421,MATCH(D82,Sistema!$G$2:$G$421,0)),"") -> Acer Chromebook 11 N7 (C731, C731T) | J82: =IF(LEFT(C82,3)="09S",IFERROR(MID(INDEX(Sistema!$D$2:$D$421,MATCH(D82,Sistema!$G$2:$G$421,0)),15,5),""),"") | K82: =IF(H82="Não encontrado","Não encontrado",IF(H82<>A82,"Local diferente",IF(AND(E82<>"",J82<>"",UPPER(E82)<>UPPER(J82)),"Letra final diferente","Confere"))) -> Local diferente | L82: Chromebook preto (Acer C731), não é um dos brancos do carrinho. No sistema este N/S está em CARRINHO RESERVA. Conferir se o equipamento fica mesmo na reserva. | M82: Chromebook preto C731 series modelo N16Q13
A83: Carrinho 04 ( LARANJA ) | B83: 1 | C83: NXH0HAL001838E762A9501 | D83: =IF(LEFT(C83,3)="09S",LEFT(C83,14),C83) -> NXH0HAL001838E762A9501 | E83: =IF(LEFT(C83,3)="09S",MID(C83,15,5),"") | F83: 415379 | G83: Acer Chromebook 11 C731 (N16Q13) preto | H83: =IFERROR(INDEX(Sistema!$F$2:$F$421,MATCH(D83,Sistema!$G$2:$G$421,0)),"Não encontrado") -> Carrinho 04 ( LARANJA ) | I83: =IFERROR(INDEX(Sistema!$C$2:$C$421,MATCH(D83,Sistema!$G$2:$G$421,0)),"") -> Acer Chromebook 11 N7 (C731, C731T) | J83: =IF(LEFT(C83,3)="09S",IFERROR(MID(INDEX(Sistema!$D$2:$D$421,MATCH(D83,Sistema!$G$2:$G$421,0)),15,5),""),"") | K83: =IF(H83="Não encontrado","Não encontrado",IF(H83<>A83,"Local diferente",IF(AND(E83<>"",J83<>"",UPPER(E83)<>UPPER(J83)),"Letra final diferente","Confere"))) -> Confere | M83: tecla ctrl direita faltando
A84: Carrinho 04 ( LARANJA ) | B84: 2 | C84: NXH0HAL001838E76809501 | D84: =IF(LEFT(C84,3)="09S",LEFT(C84,14),C84) -> NXH0HAL001838E76809501 | E84: =IF(LEFT(C84,3)="09S",MID(C84,15,5),"") | F84: 415335 | G84: Acer Chromebook 11 C731 (N16Q13) preto | H84: =IFERROR(INDEX(Sistema!$F$2:$F$421,MATCH(D84,Sistema!$G$2:$G$421,0)),"Não encontrado") -> Carrinho 04 ( LARANJA ) | I84: =IFERROR(INDEX(Sistema!$C$2:$C$421,MATCH(D84,Sistema!$G$2:$G$421,0)),"") -> Acer Chromebook 11 N7 (C731, C731T) | J84: =IF(LEFT(C84,3)="09S",IFERROR(MID(INDEX(Sistema!$D$2:$D$421,MATCH(D84,Sistema!$G$2:$G$421,0)),15,5),""),"") | K84: =IF(H84="Não encontrado","Não encontrado",IF(H84<>A84,"Local diferente",IF(AND(E84<>"",J84<>"",UPPER(E84)<>UPPER(J84)),"Letra final diferente","Confere"))) -> Confere
A85: Carrinho 04 ( LARANJA ) | B85: 3 | C85: NXH0HAL001838E6ACA9501 | D85: =IF(LEFT(C85,3)="09S",LEFT(C85,14),C85) -> NXH0HAL001838E6ACA9501 | E85: =IF(LEFT(C85,3)="09S",MID(C85,15,5),"") | F85: 415293 | G85: Acer Chromebook 11 C731 (N16Q13) preto | H85: =IFERROR(INDEX(Sistema!$F$2:$F$421,MATCH(D85,Sistema!$G$2:$G$421,0)),"Não encontrado") -> Carrinho 04 ( LARANJA ) | I85: =IFERROR(INDEX(Sistema!$C$2:$C$421,MATCH(D85,Sistema!$G$2:$G$421,0)),"") -> Acer Chromebook 11 N7 (C731, C731T) | J85: =IF(LEFT(C85,3)="09S",IFERROR(MID(INDEX(Sistema!$D$2:$D$421,MATCH(D85,Sistema!$G$2:$G$421,0)),15,5),""),"") | K85: =IF(H85="Não encontrado","Não encontrado",IF(H85<>A85,"Local diferente",IF(AND(E85<>"",J85<>"",UPPER(E85)<>UPPER(J85)),"Letra final diferente","Confere"))) -> Confere
A86: Carrinho 04 ( LARANJA ) | B86: 4 | C86: NXH0HAL001830D1FAB9501 | D86: =IF(LEFT(C86,3)="09S",LEFT(C86,14),C86) -> NXH0HAL001830D1FAB9501 | E86: =IF(LEFT(C86,3)="09S",MID(C86,15,5),"") | F86: 414345 | G86: Acer Chromebook 11 C731 (N16Q13) preto | H86: =IFERROR(INDEX(Sistema!$F$2:$F$421,MATCH(D86,Sistema!$G$2:$G$421,0)),"Não encontrado") -> Carrinho 01 ( AZUL) | I86: =IFERROR(INDEX(Sistema!$C$2:$C$421,MATCH(D86,Sistema!$G$2:$G$421,0)),"") -> Acer Chromebook 11 N7 (C731, C731T) | J86: =IF(LEFT(C86,3)="09S",IFERROR(MID(INDEX(Sistema!$D$2:$D$421,MATCH(D86,Sistema!$G$2:$G$421,0)),15,5),""),"") | K86: =IF(H86="Não encontrado","Não encontrado",IF(H86<>A86,"Local diferente",IF(AND(E86<>"",J86<>"",UPPER(E86)<>UPPER(J86)),"Letra final diferente","Confere"))) -> Local diferente | L86: No sistema este N/S está no Carrinho 01 ( AZUL), mas estava no Carrinho 04 na contagem. Conferir a etiqueta e atualizar a localização no sistema.
A87: Carrinho 04 ( LARANJA ) | B87: 5 | C87: NXH0HAL001832D671C9501 | D87: =IF(LEFT(C87,3)="09S",LEFT(C87,14),C87) -> NXH0HAL001832D671C9501 | E87: =IF(LEFT(C87,3)="09S",MID(C87,15,5),"") | F87: 413896 | G87: Acer Chromebook 11 C731 (N16Q13) preto | H87: =IFERROR(INDEX(Sistema!$F$2:$F$421,MATCH(D87,Sistema!$G$2:$G$421,0)),"Não encontrado") -> Carrinho 04 ( LARANJA ) | I87: =IFERROR(INDEX(Sistema!$C$2:$C$421,MATCH(D87,Sistema!$G$2:$G$421,0)),"") -> Acer Chromebook 11 N7 (C731, C731T) | J87: =IF(LEFT(C87,3)="09S",IFERROR(MID(INDEX(Sistema!$D$2:$D$421,MATCH(D87,Sistema!$G$2:$G$421,0)),15,5),""),"") | K87: =IF(H87="Não encontrado","Não encontrado",IF(H87<>A87,"Local diferente",IF(AND(E87<>"",J87<>"",UPPER(E87)<>UPPER(J87)),"Letra final diferente","Confere"))) -> Confere
A88: Carrinho 04 ( LARANJA ) | B88: 6 | C88: NXH0HAL001832D6A819501 | D88: =IF(LEFT(C88,3)="09S",LEFT(C88,14),C88) -> NXH0HAL001832D6A819501 | E88: =IF(LEFT(C88,3)="09S",MID(C88,15,5),"") | F88: 413936 | G88: Acer Chromebook 11 C731 (N16Q13) preto | H88: =IFERROR(INDEX(Sistema!$F$2:$F$421,MATCH(D88,Sistema!$G$2:$G$421,0)),"Não encontrado") -> Carrinho 04 ( LARANJA ) | I88: =IFERROR(INDEX(Sistema!$C$2:$C$421,MATCH(D88,Sistema!$G$2:$G$421,0)),"") -> Acer Chromebook 11 N7 (C731, C731T) | J88: =IF(LEFT(C88,3)="09S",IFERROR(MID(INDEX(Sistema!$D$2:$D$421,MATCH(D88,Sistema!$G$2:$G$421,0)),15,5),""),"") | K88: =IF(H88="Não encontrado","Não encontrado",IF(H88<>A88,"Local diferente",IF(AND(E88<>"",J88<>"",UPPER(E88)<>UPPER(J88)),"Letra final diferente","Confere"))) -> Confere
A89: Carrinho 04 ( LARANJA ) | B89: 7 | C89: NXH0HAL001832D5EED9501 | D89: =IF(LEFT(C89,3)="09S",LEFT(C89,14),C89) -> NXH0HAL001832D5EED9501 | E89: =IF(LEFT(C89,3)="09S",MID(C89,15,5),"") | F89: 415346 | G89: Acer Chromebook 11 C731 (N16Q13) preto | H89: =IFERROR(INDEX(Sistema!$F$2:$F$421,MATCH(D89,Sistema!$G$2:$G$421,0)),"Não encontrado") -> Carrinho 04 ( LARANJA ) | I89: =IFERROR(INDEX(Sistema!$C$2:$C$421,MATCH(D89,Sistema!$G$2:$G$421,0)),"") -> Acer Chromebook 11 N7 (C731, C731T) | J89: =IF(LEFT(C89,3)="09S",IFERROR(MID(INDEX(Sistema!$D$2:$D$421,MATCH(D89,Sistema!$G$2:$G$421,0)),15,5),""),"") | K89: =IF(H89="Não encontrado","Não encontrado",IF(H89<>A89,"Local diferente",IF(AND(E89<>"",J89<>"",UPPER(E89)<>UPPER(J89)),"Letra final diferente","Confere"))) -> Confere
A90: Carrinho 04 ( LARANJA ) | B90: 8 | C90: NXH0HAL001838E74B29501 | D90: =IF(LEFT(C90,3)="09S",LEFT(C90,14),C90) -> NXH0HAL001838E74B29501 | E90: =IF(LEFT(C90,3)="09S",MID(C90,15,5),"") | F90: 416498 | G90: Acer Chromebook 11 C731 (N16Q13) preto | H90: =IFERROR(INDEX(Sistema!$F$2:$F$421,MATCH(D90,Sistema!$G$2:$G$421,0)),"Não encontrado") -> Carrinho 04 ( LARANJA ) | I90: =IFERROR(INDEX(Sistema!$C$2:$C$421,MATCH(D90,Sistema!$G$2:$G$421,0)),"") -> Acer Chromebook 11 N7 (C731, C731T) | J90: =IF(LEFT(C90,3)="09S",IFERROR(MID(INDEX(Sistema!$D$2:$D$421,MATCH(D90,Sistema!$G$2:$G$421,0)),15,5),""),"") | K90: =IF(H90="Não encontrado","Não encontrado",IF(H90<>A90,"Local diferente",IF(AND(E90<>"",J90<>"",UPPER(E90)<>UPPER(J90)),"Letra final diferente","Confere"))) -> Confere
A91: Carrinho 04 ( LARANJA ) | B91: 9 | C91: NXH0HAL001838BE691A9501 | D91: =IF(LEFT(C91,3)="09S",LEFT(C91,14),C91) -> NXH0HAL001838BE691A9501 | E91: =IF(LEFT(C91,3)="09S",MID(C91,15,5),"") | F91: 415279 | G91: Acer Chromebook 11 C731 (N16Q13) preto | H91: =IFERROR(INDEX(Sistema!$F$2:$F$421,MATCH(D91,Sistema!$G$2:$G$421,0)),"Não encontrado") -> Não encontrado | I91: =IFERROR(INDEX(Sistema!$C$2:$C$421,MATCH(D91,Sistema!$G$2:$G$421,0)),"") | J91: =IF(LEFT(C91,3)="09S",IFERROR(MID(INDEX(Sistema!$D$2:$D$421,MATCH(D91,Sistema!$G$2:$G$421,0)),15,5),""),"") | K91: =IF(H91="Não encontrado","Não encontrado",IF(H91<>A91,"Local diferente",IF(AND(E91<>"",J91<>"",UPPER(E91)<>UPPER(J91)),"Letra final diferente","Confere"))) -> Não encontrado | L91: Ditado NXH0HAL001838BE691A9501 (23 caracteres, com um B a mais). No sistema o Carrinho 04 tem NXH0HAL001838E691A9501. Provável erro de ditado: conferir a etiqueta.
A92: Carrinho 04 ( LARANJA ) | B92: 10 | C92: NXH0HAL001826C7E849501 | D92: =IF(LEFT(C92,3)="09S",LEFT(C92,14),C92) -> NXH0HAL001826C7E849501 | E92: =IF(LEFT(C92,3)="09S",MID(C92,15,5),"") | F92: 415260 | G92: Acer Chromebook 11 C731 (N16Q13) preto | H92: =IFERROR(INDEX(Sistema!$F$2:$F$421,MATCH(D92,Sistema!$G$2:$G$421,0)),"Não encontrado") -> Carrinho 04 ( LARANJA ) | I92: =IFERROR(INDEX(Sistema!$C$2:$C$421,MATCH(D92,Sistema!$G$2:$G$421,0)),"") -> Acer Chromebook 11 N7 (C731, C731T) | J92: =IF(LEFT(C92,3)="09S",IFERROR(MID(INDEX(Sistema!$D$2:$D$421,MATCH(D92,Sistema!$G$2:$G$421,0)),15,5),""),"") | K92: =IF(H92="Não encontrado","Não encontrado",IF(H92<>A92,"Local diferente",IF(AND(E92<>"",J92<>"",UPPER(E92)<>UPPER(J92)),"Letra final diferente","Confere"))) -> Confere
A93: Carrinho 04 ( LARANJA ) | B93: 11 | C93: NXH0HAL001839EDD639501 | D93: =IF(LEFT(C93,3)="09S",LEFT(C93,14),C93) -> NXH0HAL001839EDD639501 | E93: =IF(LEFT(C93,3)="09S",MID(C93,15,5),"") | F93: 415387 | G93: Acer Chromebook 11 C731 (N16Q13) preto | H93: =IFERROR(INDEX(Sistema!$F$2:$F$421,MATCH(D93,Sistema!$G$2:$G$421,0)),"Não encontrado") -> Carrinho 04 ( LARANJA ) | I93: =IFERROR(INDEX(Sistema!$C$2:$C$421,MATCH(D93,Sistema!$G$2:$G$421,0)),"") -> Acer Chromebook 11 N7 (C731, C731T) | J93: =IF(LEFT(C93,3)="09S",IFERROR(MID(INDEX(Sistema!$D$2:$D$421,MATCH(D93,Sistema!$G$2:$G$421,0)),15,5),""),"") | K93: =IF(H93="Não encontrado","Não encontrado",IF(H93<>A93,"Local diferente",IF(AND(E93<>"",J93<>"",UPPER(E93)<>UPPER(J93)),"Letra final diferente","Confere"))) -> Confere
A94: Carrinho 04 ( LARANJA ) | B94: 12 | C94: NXH0HAL001832DC459501 | D94: =IF(LEFT(C94,3)="09S",LEFT(C94,14),C94) -> NXH0HAL001832DC459501 | E94: =IF(LEFT(C94,3)="09S",MID(C94,15,5),"") | F94: 415334 | G94: Acer Chromebook 11 C731 (N16Q13) preto | H94: =IFERROR(INDEX(Sistema!$F$2:$F$421,MATCH(D94,Sistema!$G$2:$G$421,0)),"Não encontrado") -> Não encontrado | I94: =IFERROR(INDEX(Sistema!$C$2:$C$421,MATCH(D94,Sistema!$G$2:$G$421,0)),"") | J94: =IF(LEFT(C94,3)="09S",IFERROR(MID(INDEX(Sistema!$D$2:$D$421,MATCH(D94,Sistema!$G$2:$G$421,0)),15,5),""),"") | K94: =IF(H94="Não encontrado","Não encontrado",IF(H94<>A94,"Local diferente",IF(AND(E94<>"",J94<>"",UPPER(E94)<>UPPER(J94)),"Letra final diferente","Confere"))) -> Não encontrado | L94: Ditado NXH0HAL001832DC459501 (21 caracteres, falta o 5). No sistema o Carrinho 04 tem NXH0HAL001832D5C459501. Provável erro de ditado: conferir a etiqueta.
A95: Carrinho 04 ( LARANJA ) | B95: 13 | C95: NXH0HAL001832D5F689501 | D95: =IF(LEFT(C95,3)="09S",LEFT(C95,14),C95) -> NXH0HAL001832D5F689501 | E95: =IF(LEFT(C95,3)="09S",MID(C95,15,5),"") | F95: 415287 | G95: Acer Chromebook 11 C731 (N16Q13) preto | H95: =IFERROR(INDEX(Sistema!$F$2:$F$421,MATCH(D95,Sistema!$G$2:$G$421,0)),"Não encontrado") -> Carrinho 04 ( LARANJA ) | I95: =IFERROR(INDEX(Sistema!$C$2:$C$421,MATCH(D95,Sistema!$G$2:$G$421,0)),"") -> Acer Chromebook 11 N7 (C731, C731T) | J95: =IF(LEFT(C95,3)="09S",IFERROR(MID(INDEX(Sistema!$D$2:$D$421,MATCH(D95,Sistema!$G$2:$G$421,0)),15,5),""),"") | K95: =IF(H95="Não encontrado","Não encontrado",IF(H95<>A95,"Local diferente",IF(AND(E95<>"",J95<>"",UPPER(E95)<>UPPER(J95)),"Letra final diferente","Confere"))) -> Confere
A96: Carrinho 04 ( LARANJA ) | B96: 14 | C96: NXH0HAL001839EDC9F9501 | D96: =IF(LEFT(C96,3)="09S",LEFT(C96,14),C96) -> NXH0HAL001839EDC9F9501 | E96: =IF(LEFT(C96,3)="09S",MID(C96,15,5),"") | F96: 415393 | G96: Acer Chromebook 11 C731 (N16Q13) preto | H96: =IFERROR(INDEX(Sistema!$F$2:$F$421,MATCH(D96,Sistema!$G$2:$G$421,0)),"Não encontrado") -> Carrinho 04 ( LARANJA ) | I96: =IFERROR(INDEX(Sistema!$C$2:$C$421,MATCH(D96,Sistema!$G$2:$G$421,0)),"") -> Acer Chromebook 11 N7 (C731, C731T) | J96: =IF(LEFT(C96,3)="09S",IFERROR(MID(INDEX(Sistema!$D$2:$D$421,MATCH(D96,Sistema!$G$2:$G$421,0)),15,5),""),"") | K96: =IF(H96="Não encontrado","Não encontrado",IF(H96<>A96,"Local diferente",IF(AND(E96<>"",J96<>"",UPPER(E96)<>UPPER(J96)),"Letra final diferente","Confere"))) -> Confere
A97: Carrinho 04 ( LARANJA ) | B97: 15 | C97: NXH0HAL001838E73789501 | D97: =IF(LEFT(C97,3)="09S",LEFT(C97,14),C97) -> NXH0HAL001838E73789501 | E97: =IF(LEFT(C97,3)="09S",MID(C97,15,5),"") | F97: 415411 | G97: Acer Chromebook 11 C731 (N16Q13) preto | H97: =IFERROR(INDEX(Sistema!$F$2:$F$421,MATCH(D97,Sistema!$G$2:$G$421,0)),"Não encontrado") -> Carrinho 04 ( LARANJA ) | I97: =IFERROR(INDEX(Sistema!$C$2:$C$421,MATCH(D97,Sistema!$G$2:$G$421,0)),"") -> Acer Chromebook 11 N7 (C731, C731T) | J97: =IF(LEFT(C97,3)="09S",IFERROR(MID(INDEX(Sistema!$D$2:$D$421,MATCH(D97,Sistema!$G$2:$G$421,0)),15,5),""),"") | K97: =IF(H97="Não encontrado","Não encontrado",IF(H97<>A97,"Local diferente",IF(AND(E97<>"",J97<>"",UPPER(E97)<>UPPER(J97)),"Letra final diferente","Confere"))) -> Confere
A98: Carrinho 04 ( LARANJA ) | B98: 16 | C98: NXH0HAL001838E6A8B9501 | D98: =IF(LEFT(C98,3)="09S",LEFT(C98,14),C98) -> NXH0HAL001838E6A8B9501 | E98: =IF(LEFT(C98,3)="09S",MID(C98,15,5),"") | F98: 415277 | G98: Acer Chromebook 11 C731 (N16Q13) preto | H98: =IFERROR(INDEX(Sistema!$F$2:$F$421,MATCH(D98,Sistema!$G$2:$G$421,0)),"Não encontrado") -> Carrinho 04 ( LARANJA ) | I98: =IFERROR(INDEX(Sistema!$C$2:$C$421,MATCH(D98,Sistema!$G$2:$G$421,0)),"") -> Acer Chromebook 11 N7 (C731, C731T) | J98: =IF(LEFT(C98,3)="09S",IFERROR(MID(INDEX(Sistema!$D$2:$D$421,MATCH(D98,Sistema!$G$2:$G$421,0)),15,5),""),"") | K98: =IF(H98="Não encontrado","Não encontrado",IF(H98<>A98,"Local diferente",IF(AND(E98<>"",J98<>"",UPPER(E98)<>UPPER(J98)),"Letra final diferente","Confere"))) -> Confere | M98: tecla ctrl direita faltando
A99: Carrinho 04 ( LARANJA ) | B99: 17 | C99: NXH0HAL00183BE76A19501 | D99: =IF(LEFT(C99,3)="09S",LEFT(C99,14),C99) -> NXH0HAL00183BE76A19501 | E99: =IF(LEFT(C99,3)="09S",MID(C99,15,5),"") | F99: 415312 | G99: Acer Chromebook 11 C731 (N16Q13) preto | H99: =IFERROR(INDEX(Sistema!$F$2:$F$421,MATCH(D99,Sistema!$G$2:$G$421,0)),"Não encontrado") -> Não encontrado | I99: =IFERROR(INDEX(Sistema!$C$2:$C$421,MATCH(D99,Sistema!$G$2:$G$421,0)),"") | J99: =IF(LEFT(C99,3)="09S",IFERROR(MID(INDEX(Sistema!$D$2:$D$421,MATCH(D99,Sistema!$G$2:$G$421,0)),15,5),""),"") | K99: =IF(H99="Não encontrado","Não encontrado",IF(H99<>A99,"Local diferente",IF(AND(E99<>"",J99<>"",UPPER(E99)<>UPPER(J99)),"Letra final diferente","Confere"))) -> Não encontrado | L99: Ditado com B no lugar de 8 (NXH0HAL00183BE76A19501). No sistema o Carrinho 04 tem NXH0HAL001838E76A19501. Provável erro de ditado: conferir a etiqueta.
A100: Carrinho 04 ( LARANJA ) | B100: 18 | C100: NXH0HAL001832D68C79501 | D100: =IF(LEFT(C100,3)="09S",LEFT(C100,14),C100) -> NXH0HAL001832D68C79501 | E100: =IF(LEFT(C100,3)="09S",MID(C100,15,5),"") | F100: 413817 | G100: Acer Chromebook 11 C731 (N16Q13) preto | H100: =IFERROR(INDEX(Sistema!$F$2:$F$421,MATCH(D100,Sistema!$G$2:$G$421,0)),"Não encontrado") -> Carrinho 04 ( LARANJA ) | I100: =IFERROR(INDEX(Sistema!$C$2:$C$421,MATCH(D100,Sistema!$G$2:$G$421,0)),"") -> Acer Chromebook 11 N7 (C731, C731T) | J100: =IF(LEFT(C100,3)="09S",IFERROR(MID(INDEX(Sistema!$D$2:$D$421,MATCH(D100,Sistema!$G$2:$G$421,0)),15,5),""),"") | K100: =IF(H100="Não encontrado","Não encontrado",IF(H100<>A100,"Local diferente",IF(AND(E100<>"",J100<>"",UPPER(E100)<>UPPER(J100)),"Letra final diferente","Confere"))) -> Confere
A101: Carrinho 04 ( LARANJA ) | B101: 19 | C101: NXH0HAL001837E5F719501 | D101: =IF(LEFT(C101,3)="09S",LEFT(C101,14),C101) -> NXH0HAL001837E5F719501 | E101: =IF(LEFT(C101,3)="09S",MID(C101,15,5),"") | F101: 415327 | G101: Acer Chromebook 11 C731 (N16Q13) preto | H101: =IFERROR(INDEX(Sistema!$F$2:$F$421,MATCH(D101,Sistema!$G$2:$G$421,0)),"Não encontrado") -> Carrinho 04 ( LARANJA ) | I101: =IFERROR(INDEX(Sistema!$C$2:$C$421,MATCH(D101,Sistema!$G$2:$G$421,0)),"") -> Acer Chromebook 11 N7 (C731, C731T) | J101: =IF(LEFT(C101,3)="09S",IFERROR(MID(INDEX(Sistema!$D$2:$D$421,MATCH(D101,Sistema!$G$2:$G$421,0)),15,5),""),"") | K101: =IF(H101="Não encontrado","Não encontrado",IF(H101<>A101,"Local diferente",IF(AND(E101<>"",J101<>"",UPPER(E101)<>UPPER(J101)),"Letra final diferente","Confere"))) -> Confere | M101: tecla seta esquerda e tecla do acento circunflexo faltando
A102: Carrinho 04 ( LARANJA ) | B102: 20 | C102: NXH0HAL00183BE693B9501 | D102: =IF(LEFT(C102,3)="09S",LEFT(C102,14),C102) -> NXH0HAL00183BE693B9501 | E102: =IF(LEFT(C102,3)="09S",MID(C102,15,5),"") | F102: 415264 | G102: Acer Chromebook 11 C731 (N16Q13) preto | H102: =IFERROR(INDEX(Sistema!$F$2:$F$421,MATCH(D102,Sistema!$G$2:$G$421,0)),"Não encontrado") -> Não encontrado | I102: =IFERROR(INDEX(Sistema!$C$2:$C$421,MATCH(D102,Sistema!$G$2:$G$421,0)),"") | J102: =IF(LEFT(C102,3)="09S",IFERROR(MID(INDEX(Sistema!$D$2:$D$421,MATCH(D102,Sistema!$G$2:$G$421,0)),15,5),""),"") | K102: =IF(H102="Não encontrado","Não encontrado",IF(H102<>A102,"Local diferente",IF(AND(E102<>"",J102<>"",UPPER(E102)<>UPPER(J102)),"Letra final diferente","Confere"))) -> Não encontrado | L102: Ditado com dois B no lugar de 8 (NXH0HAL00183BE693B9501). No sistema o Carrinho 04 tem NXH0HAL001838E69389501. Provável erro de ditado: conferir a etiqueta. | M102: tecla seta direita, tecla esc, tecla Power, tecla A, tecla X faltando
A103: Carrinho 04 ( LARANJA ) | B103: 21 | C103: NXH0HAL001838E68629501 | D103: =IF(LEFT(C103,3)="09S",LEFT(C103,14),C103) -> NXH0HAL001838E68629501 | E103: =IF(LEFT(C103,3)="09S",MID(C103,15,5),"") | F103: 415371 | G103: Acer Chromebook 11 C731 (N16Q13) preto | H103: =IFERROR(INDEX(Sistema!$F$2:$F$421,MATCH(D103,Sistema!$G$2:$G$421,0)),"Não encontrado") -> Carrinho 09 - BORDÔ | I103: =IFERROR(INDEX(Sistema!$C$2:$C$421,MATCH(D103,Sistema!$G$2:$G$421,0)),"") -> Acer Chromebook 11 N7 (C731, C731T) | J103: =IF(LEFT(C103,3)="09S",IFERROR(MID(INDEX(Sistema!$D$2:$D$421,MATCH(D103,Sistema!$G$2:$G$421,0)),15,5),""),"") | K103: =IF(H103="Não encontrado","Não encontrado",IF(H103<>A103,"Local diferente",IF(AND(E103<>"",J103<>"",UPPER(E103)<>UPPER(J103)),"Letra final diferente","Confere"))) -> Local diferente | L103: No sistema este N/S está no Carrinho 09 - BORDÔ, mas estava no Carrinho 04 na contagem. Conferir a etiqueta e atualizar a localização no sistema.
A104: Carrinho 04 ( LARANJA ) | B104: 22 | C104: NXH0HAL001832D5F4A9501 | D104: =IF(LEFT(C104,3)="09S",LEFT(C104,14),C104) -> NXH0HAL001832D5F4A9501 | E104: =IF(LEFT(C104,3)="09S",MID(C104,15,5),"") | F104: 415311 | G104: Acer Chromebook 11 C731 (N16Q13) preto | H104: =IFERROR(INDEX(Sistema!$F$2:$F$421,MATCH(D104,Sistema!$G$2:$G$421,0)),"Não encontrado") -> Carrinho 04 ( LARANJA ) | I104: =IFERROR(INDEX(Sistema!$C$2:$C$421,MATCH(D104,Sistema!$G$2:$G$421,0)),"") -> Acer Chromebook 11 N7 (C731, C731T) | J104: =IF(LEFT(C104,3)="09S",IFERROR(MID(INDEX(Sistema!$D$2:$D$421,MATCH(D104,Sistema!$G$2:$G$421,0)),15,5),""),"") | K104: =IF(H104="Não encontrado","Não encontrado",IF(H104<>A104,"Local diferente",IF(AND(E104<>"",J104<>"",UPPER(E104)<>UPPER(J104)),"Letra final diferente","Confere"))) -> Confere | M104: tecla seta esquerda, tecla seta direita, tecla 1 faltando
A105: Carrinho 04 ( LARANJA ) | B105: 23 | C105: NXH0HAL001838E74D9501 | D105: =IF(LEFT(C105,3)="09S",LEFT(C105,14),C105) -> NXH0HAL001838E74D9501 | E105: =IF(LEFT(C105,3)="09S",MID(C105,15,5),"") | F105: 415307 | G105: Acer Chromebook 11 C731 (N16Q13) preto | H105: =IFERROR(INDEX(Sistema!$F$2:$F$421,MATCH(D105,Sistema!$G$2:$G$421,0)),"Não encontrado") -> Não encontrado | I105: =IFERROR(INDEX(Sistema!$C$2:$C$421,MATCH(D105,Sistema!$G$2:$G$421,0)),"") | J105: =IF(LEFT(C105,3)="09S",IFERROR(MID(INDEX(Sistema!$D$2:$D$421,MATCH(D105,Sistema!$G$2:$G$421,0)),15,5),""),"") | K105: =IF(H105="Não encontrado","Não encontrado",IF(H105<>A105,"Local diferente",IF(AND(E105<>"",J105<>"",UPPER(E105)<>UPPER(J105)),"Letra final diferente","Confere"))) -> Não encontrado | L105: Ditado NXH0HAL001838E74D9501 (21 caracteres, falta o 8). No sistema o Carrinho 04 tem NXH0HAL001838E748D9501. Provável erro de ditado: conferir a etiqueta.
A106: Carrinho 04 ( LARANJA ) | B106: 24 | C106: NXH0HAL001832D5B7C9501 | D106: =IF(LEFT(C106,3)="09S",LEFT(C106,14),C106) -> NXH0HAL001832D5B7C9501 | E106: =IF(LEFT(C106,3)="09S",MID(C106,15,5),"") | F106: 415285 | G106: Acer Chromebook 11 C731 (N16Q13) preto | H106: =IFERROR(INDEX(Sistema!$F$2:$F$421,MATCH(D106,Sistema!$G$2:$G$421,0)),"Não encontrado") -> Carrinho 04 ( LARANJA ) | I106: =IFERROR(INDEX(Sistema!$C$2:$C$421,MATCH(D106,Sistema!$G$2:$G$421,0)),"") -> Acer Chromebook 11 N7 (C731, C731T) | J106: =IF(LEFT(C106,3)="09S",IFERROR(MID(INDEX(Sistema!$D$2:$D$421,MATCH(D106,Sistema!$G$2:$G$421,0)),15,5),""),"") | K106: =IF(H106="Não encontrado","Não encontrado",IF(H106<>A106,"Local diferente",IF(AND(E106<>"",J106<>"",UPPER(E106)<>UPPER(J106)),"Letra final diferente","Confere"))) -> Confere
A107: Carrinho 05 ( ROXO) | B107: 1 | C107: 09S29QAR109567E | D107: =IF(LEFT(C107,3)="09S",LEFT(C107,14),C107) -> 09S29QAR109567 | E107: =IF(LEFT(C107,3)="09S",MID(C107,15,5),"") -> E | F107: 382692 | G107: Samsung Chromebook 4 cinza | H107: =IFERROR(INDEX(Sistema!$F$2:$F$421,MATCH(D107,Sistema!$G$2:$G$421,0)),"Não encontrado") -> Carrinho 05 ( ROXO) | I107: =IFERROR(INDEX(Sistema!$C$2:$C$421,MATCH(D107,Sistema!$G$2:$G$421,0)),"") -> Samsung Chromebook 4 | J107: =IF(LEFT(C107,3)="09S",IFERROR(MID(INDEX(Sistema!$D$2:$D$421,MATCH(D107,Sistema!$G$2:$G$421,0)),15,5),""),"") -> E | K107: =IF(H107="Não encontrado","Não encontrado",IF(H107<>A107,"Local diferente",IF(AND(E107<>"",J107<>"",UPPER(E107)<>UPPER(J107)),"Letra final diferente","Confere"))) -> Confere
A108: Carrinho 05 ( ROXO) | B108: 2 | C108: 09S29QANC07347V | D108: =IF(LEFT(C108,3)="09S",LEFT(C108,14),C108) -> 09S29QANC07347 | E108: =IF(LEFT(C108,3)="09S",MID(C108,15,5),"") -> V | F108: 382911 | G108: Samsung Chromebook 4 cinza | H108: =IFERROR(INDEX(Sistema!$F$2:$F$421,MATCH(D108,Sistema!$G$2:$G$421,0)),"Não encontrado") -> Carrinho 12 - OCRE | I108: =IFERROR(INDEX(Sistema!$C$2:$C$421,MATCH(D108,Sistema!$G$2:$G$421,0)),"") -> Samsung Chromebook 4 | J108: =IF(LEFT(C108,3)="09S",IFERROR(MID(INDEX(Sistema!$D$2:$D$421,MATCH(D108,Sistema!$G$2:$G$421,0)),15,5),""),"") -> V | K108: =IF(H108="Não encontrado","Não encontrado",IF(H108<>A108,"Local diferente",IF(AND(E108<>"",J108<>"",UPPER(E108)<>UPPER(J108)),"Letra final diferente","Confere"))) -> Local diferente | L108: No sistema este N/S está no Carrinho 12 - OCRE, mas estava no Carrinho 05 na contagem. Conferir a etiqueta e atualizar a localização no sistema.
A109: Carrinho 05 ( ROXO) | B109: 3 | C109: 09S29QBNC00511A | D109: =IF(LEFT(C109,3)="09S",LEFT(C109,14),C109) -> 09S29QBNC00511 | E109: =IF(LEFT(C109,3)="09S",MID(C109,15,5),"") -> A | F109: 382502 | G109: Samsung Chromebook 4 cinza | H109: =IFERROR(INDEX(Sistema!$F$2:$F$421,MATCH(D109,Sistema!$G$2:$G$421,0)),"Não encontrado") -> Carrinho 05 ( ROXO) | I109: =IFERROR(INDEX(Sistema!$C$2:$C$421,MATCH(D109,Sistema!$G$2:$G$421,0)),"") -> Samsung Chromebook 4 | J109: =IF(LEFT(C109,3)="09S",IFERROR(MID(INDEX(Sistema!$D$2:$D$421,MATCH(D109,Sistema!$G$2:$G$421,0)),15,5),""),"") -> A | K109: =IF(H109="Não encontrado","Não encontrado",IF(H109<>A109,"Local diferente",IF(AND(E109<>"",J109<>"",UPPER(E109)<>UPPER(J109)),"Letra final diferente","Confere"))) -> Confere
A110: Carrinho 05 ( ROXO) | B110: 4 | C110: 09S29QBNC00050R | D110: =IF(LEFT(C110,3)="09S",LEFT(C110,14),C110) -> 09S29QBNC00050 | E110: =IF(LEFT(C110,3)="09S",MID(C110,15,5),"") -> R | F110: 382569 | G110: Samsung Chromebook 4 cinza | H110: =IFERROR(INDEX(Sistema!$F$2:$F$421,MATCH(D110,Sistema!$G$2:$G$421,0)),"Não encontrado") -> Carrinho 05 ( ROXO) | I110: =IFERROR(INDEX(Sistema!$C$2:$C$421,MATCH(D110,Sistema!$G$2:$G$421,0)),"") -> Samsung Chromebook 4 | J110: =IF(LEFT(C110,3)="09S",IFERROR(MID(INDEX(Sistema!$D$2:$D$421,MATCH(D110,Sistema!$G$2:$G$421,0)),15,5),""),"") -> R | K110: =IF(H110="Não encontrado","Não encontrado",IF(H110<>A110,"Local diferente",IF(AND(E110<>"",J110<>"",UPPER(E110)<>UPPER(J110)),"Letra final diferente","Confere"))) -> Confere
A111: Carrinho 05 ( ROXO) | B111: 5 | C111: 09S29QAR111065R | D111: =IF(LEFT(C111,3)="09S",LEFT(C111,14),C111) -> 09S29QAR111065 | E111: =IF(LEFT(C111,3)="09S",MID(C111,15,5),"") -> R | F111: 382856 | G111: Samsung Chromebook 4 cinza | H111: =IFERROR(INDEX(Sistema!$F$2:$F$421,MATCH(D111,Sistema!$G$2:$G$421,0)),"Não encontrado") -> Carrinho 05 ( ROXO) | I111: =IFERROR(INDEX(Sistema!$C$2:$C$421,MATCH(D111,Sistema!$G$2:$G$421,0)),"") -> Samsung Chromebook 4 | J111: =IF(LEFT(C111,3)="09S",IFERROR(MID(INDEX(Sistema!$D$2:$D$421,MATCH(D111,Sistema!$G$2:$G$421,0)),15,5),""),"") -> R | K111: =IF(H111="Não encontrado","Não encontrado",IF(H111<>A111,"Local diferente",IF(AND(E111<>"",J111<>"",UPPER(E111)<>UPPER(J111)),"Letra final diferente","Confere"))) -> Confere
...

Sheet Sistema
A1: Instância | B1: Sub Categoria | C1: Modelo/Lote | D1: N. Série | E1: Situação | F1: Local | G1: Chave de comparação | H1: Carrinho conferido: está no Word? | I1: Observação
A2: EMEIEF YOJIRO TAKAOKA - ENG. | B2: Chromebook | C2: Acer Chromebook 11 N7 (C731, C731T) | D2: NXH0HAL0018481E8B39501 | E2: Regular | F2: CARRINHO RESERVA | G2: =IF(LEFT(D2,3)="09S",LEFT(D2,14),D2) -> NXH0HAL0018481E8B39501 | H2: =IF(COUNTIF(Conferência!$A$4:$A$336,F2)=0,"",IF(COUNTIFS(Conferência!$A$4:$A$336,F2,Conferência!$D$4:$D$336,G2)>0,"Confere","Falta no Word")) -> Confere
A3: EMEIEF YOJIRO TAKAOKA - ENG. | B3: Chromebook | C3: Acer Chromebook 11 N7 (C731, C731T) | D3: NXH0HAL001832D5F129501 | E3: Regular | F3: CARRINHO RESERVA | G3: =IF(LEFT(D3,3)="09S",LEFT(D3,14),D3) -> NXH0HAL001832D5F129501 | H3: =IF(COUNTIF(Conferência!$A$4:$A$336,F3)=0,"",IF(COUNTIFS(Conferência!$A$4:$A$336,F3,Conferência!$D$4:$D$336,G3)>0,"Confere","Falta no Word")) -> Confere
A4: EMEIEF YOJIRO TAKAOKA - ENG. | B4: Chromebook | C4: Acer Chromebook 11 N7 (C731, C731T) | D4: NXH0HAL001830D18D69501 | E4: Regular | F4: CARRINHO RESERVA | G4: =IF(LEFT(D4,3)="09S",LEFT(D4,14),D4) -> NXH0HAL001830D18D69501 | H4: =IF(COUNTIF(Conferência!$A$4:$A$336,F4)=0,"",IF(COUNTIFS(Conferência!$A$4:$A$336,F4,Conferência!$D$4:$D$336,G4)>0,"Confere","Falta no Word")) -> Falta no Word | I4: Registrado na reserva, mas não está no Word. Pode ser o par do computador 2 do Word (…D1F789501), se foi ditado errado: conferir a etiqueta.
A5: EMEIEF YOJIRO TAKAOKA - ENG. | B5: Chromebook | C5: Acer Chromebook 11 N7 (C731, C731T) | D5: NXH0HAL001830D1F789501 | E5: Regular | F5: CARRINHO RESERVA | G5: =IF(LEFT(D5,3)="09S",LEFT(D5,14),D5) -> NXH0HAL001830D1F789501 | H5: =IF(COUNTIF(Conferência!$A$4:$A$336,F5)=0,"",IF(COUNTIFS(Conferência!$A$4:$A$336,F5,Conferência!$D$4:$D$336,G5)>0,"Confere","Falta no Word")) -> Confere
A6: EMEIEF YOJIRO TAKAOKA - ENG. | B6: Chromebook | C6: Acer Chromebook 11 N7 (C731, C731T) | D6: NXH0HAL001838E6B539501 | E6: Regular | F6: CARRINHO RESERVA | G6: =IF(LEFT(D6,3)="09S",LEFT(D6,14),D6) -> NXH0HAL001838E6B539501 | H6: =IF(COUNTIF(Conferência!$A$4:$A$336,F6)=0,"",IF(COUNTIFS(Conferência!$A$4:$A$336,F6,Conferência!$D$4:$D$336,G6)>0,"Confere","Falta no Word")) -> Confere
A7: EMEIEF YOJIRO TAKAOKA - ENG. | B7: Chromebook | C7: Acer Chromebook 11 N7 (C731, C731T) | D7: NXH0HAL001838E735B9501 | E7: Regular | F7: CARRINHO RESERVA | G7: =IF(LEFT(D7,3)="09S",LEFT(D7,14),D7) -> NXH0HAL001838E735B9501 | H7: =IF(COUNTIF(Conferência!$A$4:$A$336,F7)=0,"",IF(COUNTIFS(Conferência!$A$4:$A$336,F7,Conferência!$D$4:$D$336,G7)>0,"Confere","Falta no Word")) -> Confere
A8: EMEIEF YOJIRO TAKAOKA - ENG. | B8: Chromebook | C8: Acer Chromebook 11 N7 (C731, C731T) | D8: NXH0HAL001837E5E619501 | E8: Regular | F8: CARRINHO RESERVA | G8: =IF(LEFT(D8,3)="09S",LEFT(D8,14),D8) -> NXH0HAL001837E5E619501 | H8: =IF(COUNTIF(Conferência!$A$4:$A$336,F8)=0,"",IF(COUNTIFS(Conferência!$A$4:$A$336,F8,Conferência!$D$4:$D$336,G8)>0,"Confere","Falta no Word")) -> Confere
A9: EMEIEF YOJIRO TAKAOKA - ENG. | B9: Chromebook | C9: Acer Chromebook 11 N7 (C731, C731T) | D9: NXH0HAL001839ECCC29501 | E9: Regular | F9: CARRINHO RESERVA | G9: =IF(LEFT(D9,3)="09S",LEFT(D9,14),D9) -> NXH0HAL001839ECCC29501 | H9: =IF(COUNTIF(Conferência!$A$4:$A$336,F9)=0,"",IF(COUNTIFS(Conferência!$A$4:$A$336,F9,Conferência!$D$4:$D$336,G9)>0,"Confere","Falta no Word")) -> Confere
A10: EMEIEF YOJIRO TAKAOKA - ENG. | B10: Chromebook | C10: Samsung Chromebook 4 | D10: 09S29QBNC00260N | E10: Regular | F10: CARRINHO RESERVA | G10: =IF(LEFT(D10,3)="09S",LEFT(D10,14),D10) -> 09S29QBNC00260 | H10: =IF(COUNTIF(Conferência!$A$4:$A$336,F10)=0,"",IF(COUNTIFS(Conferência!$A$4:$A$336,F10,Conferência!$D$4:$D$336,G10)>0,"Confere","Falta no Word")) -> Falta no Word | I10: Registrado na reserva, mas não está no Word. Pode estar com um professor ou em outro carrinho ainda não conferido. Ele aparece no Word dos Chromebooks quebrados (computador 2), então provavelmente está lá e só falta atualizar a localização no sistema.
A11: EMEIEF YOJIRO TAKAOKA - ENG. | B11: Chromebook | C11: Samsung Chromebook 4 | D11: 09S29QAR110887M | E11: Regular | F11: CARRINHO RESERVA | G11: =IF(LEFT(D11,3)="09S",LEFT(D11,14),D11) -> 09S29QAR110887 | H11: =IF(COUNTIF(Conferência!$A$4:$A$336,F11)=0,"",IF(COUNTIFS(Conferência!$A$4:$A$336,F11,Conferência!$D$4:$D$336,G11)>0,"Confere","Falta no Word")) -> Falta no Word | I11: Registrado na reserva, mas não está no Word. Pode estar com um professor ou em outro carrinho ainda não conferido. Ele aparece no Word dos Chromebooks quebrados (computador 1), então provavelmente está lá e só falta atualizar a localização no sistema.
A12: EMEIEF YOJIRO TAKAOKA - ENG. | B12: Chromebook | C12: Samsung Chromebook 4 - 2021/Lote 1 | D12: 09S29QBR719250 | E12: Regular | F12: CARRINHO RESERVA | G12: =IF(LEFT(D12,3)="09S",LEFT(D12,14),D12) -> 09S29QBR719250 | H12: =IF(COUNTIF(Conferência!$A$4:$A$336,F12)=0,"",IF(COUNTIFS(Conferência!$A$4:$A$336,F12,Conferência!$D$4:$D$336,G12)>0,"Confere","Falta no Word")) -> Confere
A13: EMEIEF YOJIRO TAKAOKA - ENG. | B13: Chromebook | C13: Samsung Chromebook 4 - 2021/Lote 1 | D13: 09S29QBR704277 | E13: Regular | F13: CARRINHO RESERVA | G13: =IF(LEFT(D13,3)="09S",LEFT(D13,14),D13) -> 09S29QBR704277 | H13: =IF(COUNTIF(Conferência!$A$4:$A$336,F13)=0,"",IF(COUNTIFS(Conferência!$A$4:$A$336,F13,Conferência!$D$4:$D$336,G13)>0,"Confere","Falta no Word")) -> Confere
A14: EMEIEF YOJIRO TAKAOKA - ENG. | B14: Chromebook | C14: Samsung Chromebook 4 - 2021/Lote 1 | D14: 09S29QBR702126 | E14: Regular | F14: CARRINHO RESERVA | G14: =IF(LEFT(D14,3)="09S",LEFT(D14,14),D14) -> 09S29QBR702126 | H14: =IF(COUNTIF(Conferência!$A$4:$A$336,F14)=0,"",IF(COUNTIFS(Conferência!$A$4:$A$336,F14,Conferência!$D$4:$D$336,G14)>0,"Confere","Falta no Word")) -> Confere
A15: EMEIEF YOJIRO TAKAOKA - ENG. | B15: Chromebook | C15: Acer Chromebook 11 N7 (C731, C731T) | D15: NXH0HAL001838E73789501 | E15: Regular | F15: Carrinho 04 ( LARANJA ) | G15: =IF(LEFT(D15,3)="09S",LEFT(D15,14),D15) -> NXH0HAL001838E73789501 | H15: =IF(COUNTIF(Conferência!$A$4:$A$336,F15)=0,"",IF(COUNTIFS(Conferência!$A$4:$A$336,F15,Conferência!$D$4:$D$336,G15)>0,"Confere","Falta no Word")) -> Confere
A16: EMEIEF YOJIRO TAKAOKA - ENG. | B16: Chromebook | C16: Acer Chromebook 11 N7 (C731, C731T) | D16: NXH0HAL001838E69389501 | E16: Regular | F16: Carrinho 04 ( LARANJA ) | G16: =IF(LEFT(D16,3)="09S",LEFT(D16,14),D16) -> NXH0HAL001838E69389501 | H16: =IF(COUNTIF(Conferência!$A$4:$A$336,F16)=0,"",IF(COUNTIFS(Conferência!$A$4:$A$336,F16,Conferência!$D$4:$D$336,G16)>0,"Confere","Falta no Word")) -> Falta no Word | I16: Provável par do computador 20 do Carrinho 04 no Word (ditado com dois B no lugar de 8).
A17: EMEIEF YOJIRO TAKAOKA - ENG. | B17: Chromebook | C17: Acer Chromebook 11 N7 (C731, C731T) | D17: NXH0HAL001832D5EED9501 | E17: Regular | F17: Carrinho 04 ( LARANJA ) | G17: =IF(LEFT(D17,3)="09S",LEFT(D17,14),D17) -> NXH0HAL001832D5EED9501 | H17: =IF(COUNTIF(Conferência!$A$4:$A$336,F17)=0,"",IF(COUNTIFS(Conferência!$A$4:$A$336,F17,Conferência!$D$4:$D$336,G17)>0,"Confere","Falta no Word")) -> Confere
A18: EMEIEF YOJIRO TAKAOKA - ENG. | B18: Chromebook | C18: Acer Chromebook 11 N7 (C731, C731T) | D18: NXH0HAL001832D5F4A9501 | E18: Regular | F18: Carrinho 04 ( LARANJA ) | G18: =IF(LEFT(D18,3)="09S",LEFT(D18,14),D18) -> NXH0HAL001832D5F4A9501 | H18: =IF(COUNTIF(Conferência!$A$4:$A$336,F18)=0,"",IF(COUNTIFS(Conferência!$A$4:$A$336,F18,Conferência!$D$4:$D$336,G18)>0,"Confere","Falta no Word")) -> Confere
A19: EMEIEF YOJIRO TAKAOKA - ENG. | B19: Chromebook | C19: Acer Chromebook 11 N7 (C731, C731T) | D19: NXH0HAL001838E76809501 | E19: Regular | F19: Carrinho 04 ( LARANJA ) | G19: =IF(LEFT(D19,3)="09S",LEFT(D19,14),D19) -> NXH0HAL001838E76809501 | H19: =IF(COUNTIF(Conferência!$A$4:$A$336,F19)=0,"",IF(COUNTIFS(Conferência!$A$4:$A$336,F19,Conferência!$D$4:$D$336,G19)>0,"Confere","Falta no Word")) -> Confere
A20: EMEIEF YOJIRO TAKAOKA - ENG. | B20: Chromebook | C20: Acer Chromebook 11 N7 (C731, C731T) | D20: NXH0HAL001832D671C9501 | E20: Regular | F20: Carrinho 04 ( LARANJA ) | G20: =IF(LEFT(D20,3)="09S",LEFT(D20,14),D20) -> NXH0HAL001832D671C9501 | H20: =IF(COUNTIF(Conferência!$A$4:$A$336,F20)=0,"",IF(COUNTIFS(Conferência!$A$4:$A$336,F20,Conferência!$D$4:$D$336,G20)>0,"Confere","Falta no Word")) -> Confere
A21: EMEIEF YOJIRO TAKAOKA - ENG. | B21: Chromebook | C21: Acer Chromebook 11 N7 (C731, C731T) | D21: NXH0HAL001838E748D9501 | E21: Regular | F21: Carrinho 04 ( LARANJA ) | G21: =IF(LEFT(D21,3)="09S",LEFT(D21,14),D21) -> NXH0HAL001838E748D9501 | H21: =IF(COUNTIF(Conferência!$A$4:$A$336,F21)=0,"",IF(COUNTIFS(Conferência!$A$4:$A$336,F21,Conferência!$D$4:$D$336,G21)>0,"Confere","Falta no Word")) -> Falta no Word | I21: Provável par do computador 23 do Carrinho 04 no Word (ditado sem o 8).
A22: EMEIEF YOJIRO TAKAOKA - ENG. | B22: Chromebook | C22: Acer Chromebook 11 N7 (C731, C731T) | D22: NXH0HAL001838E762A9501 | E22: Regular | F22: Carrinho 04 ( LARANJA ) | G22: =IF(LEFT(D22,3)="09S",LEFT(D22,14),D22) -> NXH0HAL001838E762A9501 | H22: =IF(COUNTIF(Conferência!$A$4:$A$336,F22)=0,"",IF(COUNTIFS(Conferência!$A$4:$A$336,F22,Conferência!$D$4:$D$336,G22)>0,"Confere","Falta no Word")) -> Confere
A23: EMEIEF YOJIRO TAKAOKA - ENG. | B23: Chromebook | C23: Acer Chromebook 11 N7 (C731, C731T) | D23: NXH0HAL001832D5C459501 | E23: Regular | F23: Carrinho 04 ( LARANJA ) | G23: =IF(LEFT(D23,3)="09S",LEFT(D23,14),D23) -> NXH0HAL001832D5C459501 | H23: =IF(COUNTIF(Conferência!$A$4:$A$336,F23)=0,"",IF(COUNTIFS(Conferência!$A$4:$A$336,F23,Conferência!$D$4:$D$336,G23)>0,"Confere","Falta no Word")) -> Falta no Word | I23: Provável par do computador 12 do Carrinho 04 no Word (ditado sem o 5).
A24: EMEIEF YOJIRO TAKAOKA - ENG. | B24: Chromebook | C24: Acer Chromebook 11 N7 (C731, C731T) | D24: NXH0HAL001832D68C79501 | E24: Regular | F24: Carrinho 04 ( LARANJA ) | G24: =IF(LEFT(D24,3)="09S",LEFT(D24,14),D24) -> NXH0HAL001832D68C79501 | H24: =IF(COUNTIF(Conferência!$A$4:$A$336,F24)=0,"",IF(COUNTIFS(Conferência!$A$4:$A$336,F24,Conferência!$D$4:$D$336,G24)>0,"Confere","Falta no Word")) -> Confere
A25: EMEIEF YOJIRO TAKAOKA - ENG. | B25: Chromebook | C25: Acer Chromebook 11 N7 (C731, C731T) | D25: NXH0HAL001838E691A9501 | E25: Regular | F25: Carrinho 04 ( LARANJA ) | G25: =IF(LEFT(D25,3)="09S",LEFT(D25,14),D25) -> NXH0HAL001838E691A9501 | H25: =IF(COUNTIF(Conferência!$A$4:$A$336,F25)=0,"",IF(COUNTIFS(Conferência!$A$4:$A$336,F25,Conferência!$D$4:$D$336,G25)>0,"Confere","Falta no Word")) -> Falta no Word | I25: Provável par do computador 9 do Carrinho 04 no Word (ditado com um B a mais).
A26: EMEIEF YOJIRO TAKAOKA - ENG. | B26: Chromebook | C26: Acer Chromebook 11 N7 (C731, C731T) | D26: NXH0HAL001838E6A8B9501 | E26: Regular | F26: Carrinho 04 ( LARANJA ) | G26: =IF(LEFT(D26,3)="09S",LEFT(D26,14),D26) -> NXH0HAL001838E6A8B9501 | H26: =IF(COUNTIF(Conferência!$A$4:$A$336,F26)=0,"",IF(COUNTIFS(Conferência!$A$4:$A$336,F26,Conferência!$D$4:$D$336,G26)>0,"Confere","Falta no Word")) -> Confere
A27: EMEIEF YOJIRO TAKAOKA - ENG. | B27: Chromebook | C27: Acer Chromebook 11 N7 (C731, C731T) | D27: NXH0HAL001837E5F719501 | E27: Regular | F27: Carrinho 04 ( LARANJA ) | G27: =IF(LEFT(D27,3)="09S",LEFT(D27,14),D27) -> NXH0HAL001837E5F719501 | H27: =IF(COUNTIF(Conferência!$A$4:$A$336,F27)=0,"",IF(COUNTIFS(Conferência!$A$4:$A$336,F27,Conferência!$D$4:$D$336,G27)>0,"Confere","Falta no Word")) -> Confere
A28: EMEIEF YOJIRO TAKAOKA - ENG. | B28: Chromebook | C28: Acer Chromebook 11 N7 (C731, C731T) | D28: NXH0HAL001838E74B29501 | E28: Regular | F28: Carrinho 04 ( LARANJA ) | G28: =IF(LEFT(D28,3)="09S",LEFT(D28,14),D28) -> NXH0HAL001838E74B29501 | H28: =IF(COUNTIF(Conferência!$A$4:$A$336,F28)=0,"",IF(COUNTIFS(Conferência!$A$4:$A$336,F28,Conferência!$D$4:$D$336,G28)>0,"Confere","Falta no Word")) -> Confere
A29: EMEIEF YOJIRO TAKAOKA - ENG. | B29: Chromebook | C29: Acer Chromebook 11 N7 (C731, C731T) | D29: NXH0HAL001838E6ACA9501 | E29: Regular | F29: Carrinho 04 ( LARANJA ) | G29: =IF(LEFT(D29,3)="09S",LEFT(D29,14),D29) -> NXH0HAL001838E6ACA9501 | H29: =IF(COUNTIF(Conferência!$A$4:$A$336,F29)=0,"",IF(COUNTIFS(Conferência!$A$4:$A$336,F29,Conferência!$D$4:$D$336,G29)>0,"Confere","Falta no Word")) -> Confere
A30: EMEIEF YOJIRO TAKAOKA - ENG. | B30: Chromebook | C30: Acer Chromebook 11 N7 (C731, C731T) | D30: NXH0HAL001839EDC9F9501 | E30: Regular | F30: Carrinho 04 ( LARANJA ) | G30: =IF(LEFT(D30,3)="09S",LEFT(D30,14),D30) -> NXH0HAL001839EDC9F9501 | H30: =IF(COUNTIF(Conferência!$A$4:$A$336,F30)=0,"",IF(COUNTIFS(Conferência!$A$4:$A$336,F30,Conferência!$D$4:$D$336,G30)>0,"Confere","Falta no Word")) -> Confere
A31: EMEIEF YOJIRO TAKAOKA - ENG. | B31: Chromebook | C31: Acer Chromebook 11 N7 (C731, C731T) | D31: NXH0HAL001832D5F689501 | E31: Regular | F31: Carrinho 04 ( LARANJA ) | G31: =IF(LEFT(D31,3)="09S",LEFT(D31,14),D31) -> NXH0HAL001832D5F689501 | H31: =IF(COUNTIF(Conferência!$A$4:$A$336,F31)=0,"",IF(COUNTIFS(Conferência!$A$4:$A$336,F31,Conferência!$D$4:$D$336,G31)>0,"Confere","Falta no Word")) -> Confere
A32: EMEIEF YOJIRO TAKAOKA - ENG. | B32: Chromebook | C32: Acer Chromebook 11 N7 (C731, C731T) | D32: NXH0HAL001838E69669501 | E32: Regular | F32: Carrinho 04 ( LARANJA ) | G32: =IF(LEFT(D32,3)="09S",LEFT(D32,14),D32) -> NXH0HAL001838E69669501 | H32: =IF(COUNTIF(Conferência!$A$4:$A$336,F32)=0,"",IF(COUNTIFS(Conferência!$A$4:$A$336,F32,Conferência!$D$4:$D$336,G32)>0,"Confere","Falta no Word")) -> Falta no Word | I32: Registrado no Carrinho 04, mas não está no Word (nem no Word do Carrinho 01). Pode ter sido trocado de carrinho com o computador 21 do Word, cadastrado no Carrinho 09. Ele aparece no Word dos Chromebooks quebrados (computador 17), então provavelmente está lá e só falta atualizar a localização no sistema.
A33: EMEIEF YOJIRO TAKAOKA - ENG. | B33: Chromebook | C33: Acer Chromebook 11 N7 (C731, C731T) | D33: NXH0HAL001832D5B7C9501 | E33: Regular | F33: Carrinho 04 ( LARANJA ) | G33: =IF(LEFT(D33,3)="09S",LEFT(D33,14),D33) -> NXH0HAL001832D5B7C9501 | H33: =IF(COUNTIF(Conferência!$A$4:$A$336,F33)=0,"",IF(COUNTIFS(Conferência!$A$4:$A$336,F33,Conferência!$D$4:$D$336,G33)>0,"Confere","Falta no Word")) -> Confere
A34: EMEIEF YOJIRO TAKAOKA - ENG. | B34: Chromebook | C34: Acer Chromebook 11 N7 (C731, C731T) | D34: NXH0HAL001832D6A819501 | E34: Regular | F34: Carrinho 04 ( LARANJA ) | G34: =IF(LEFT(D34,3)="09S",LEFT(D34,14),D34) -> NXH0HAL001832D6A819501 | H34: =IF(COUNTIF(Conferência!$A$4:$A$336,F34)=0,"",IF(COUNTIFS(Conferência!$A$4:$A$336,F34,Conferência!$D$4:$D$336,G34)>0,"Confere","Falta no Word")) -> Confere
A35: EMEIEF YOJIRO TAKAOKA - ENG. | B35: Chromebook | C35: Acer Chromebook 11 N7 (C731, C731T) | D35: NXH0HAL001838E76A19501 | E35: Regular | F35: Carrinho 04 ( LARANJA ) | G35: =IF(LEFT(D35,3)="09S",LEFT(D35,14),D35) -> NXH0HAL001838E76A19501 | H35: =IF(COUNTIF(Conferência!$A$4:$A$336,F35)=0,"",IF(COUNTIFS(Conferência!$A$4:$A$336,F35,Conferência!$D$4:$D$336,G35)>0,"Confere","Falta no Word")) -> Falta no Word | I35: Provável par do computador 17 do Carrinho 04 no Word (ditado com B no lugar de 8).
A36: EMEIEF YOJIRO TAKAOKA - ENG. | B36: Chromebook | C36: Acer Chromebook 11 N7 (C731, C731T) | D36: NXH0HAL001826C7E849501 | E36: Regular | F36: Carrinho 04 ( LARANJA ) | G36: =IF(LEFT(D36,3)="09S",LEFT(D36,14),D36) -> NXH0HAL001826C7E849501 | H36: =IF(COUNTIF(Conferência!$A$4:$A$336,F36)=0,"",IF(COUNTIFS(Conferência!$A$4:$A$336,F36,Conferência!$D$4:$D$336,G36)>0,"Confere","Falta no Word")) -> Confere
A37: EMEIEF YOJIRO TAKAOKA - ENG. | B37: Chromebook | C37: Acer Chromebook 11 N7 (C731, C731T) | D37: NXH0HAL001839EDD639501 | E37: Regular | F37: Carrinho 04 ( LARANJA ) | G37: =IF(LEFT(D37,3)="09S",LEFT(D37,14),D37) -> NXH0HAL001839EDD639501 | H37: =IF(COUNTIF(Conferência!$A$4:$A$336,F37)=0,"",IF(COUNTIFS(Conferência!$A$4:$A$336,F37,Conferência!$D$4:$D$336,G37)>0,"Confere","Falta no Word")) -> Confere
A38: EMEIEF YOJIRO TAKAOKA - ENG. | B38: Chromebook | C38: Acer Chromebook 11 N7 (C731, C731T) | D38: NXH0HAL001839ED39C9501 | E38: Regular | F38: Carrinho 12 - OCRE | G38: =IF(LEFT(D38,3)="09S",LEFT(D38,14),D38) -> NXH0HAL001839ED39C9501 | H38: =IF(COUNTIF(Conferência!$A$4:$A$336,F38)=0,"",IF(COUNTIFS(Conferência!$A$4:$A$336,F38,Conferência!$D$4:$D$336,G38)>0,"Confere","Falta no Word")) -> Confere
A39: EMEIEF YOJIRO TAKAOKA - ENG. | B39: Chromebook | C39: Acer Chromebook 11 N7 (C731, C731T) | D39: NXH0HAL001830D1F719501 | E39: Regular | F39: Carrinho 12 - OCRE | G39: =IF(LEFT(D39,3)="09S",LEFT(D39,14),D39) -> NXH0HAL001830D1F719501 | H39: =IF(COUNTIF(Conferência!$A$4:$A$336,F39)=0,"",IF(COUNTIFS(Conferência!$A$4:$A$336,F39,Conferência!$D$4:$D$336,G39)>0,"Confere","Falta no Word")) -> Confere
A40: EMEIEF YOJIRO TAKAOKA - ENG. | B40: Chromebook | C40: Acer Chromebook 11 N7 (C731, C731T) | D40: NXH0HAL001838E7BE09501 | E40: Regular | F40: Carrinho 12 - OCRE | G40: =IF(LEFT(D40,3)="09S",LEFT(D40,14),D40) -> NXH0HAL001838E7BE09501 | H40: =IF(COUNTIF(Conferência!$A$4:$A$336,F40)=0,"",IF(COUNTIFS(Conferência!$A$4:$A$336,F40,Conferência!$D$4:$D$336,G40)>0,"Confere","Falta no Word")) -> Confere
A41: EMEIEF YOJIRO TAKAOKA - ENG. | B41: Chromebook | C41: Acer Chromebook 11 N7 (C731, C731T) | D41: NXH0HAL001830D18D19501 | E41: Regular | F41: Carrinho 12 - OCRE | G41: =IF(LEFT(D41,3)="09S",LEFT(D41,14),D41) -> NXH0HAL001830D18D19501 | H41: =IF(COUNTIF(Conferência!$A$4:$A$336,F41)=0,"",IF(COUNTIFS(Conferência!$A$4:$A$336,F41,Conferência!$D$4:$D$336,G41)>0,"Confere","Falta no Word")) -> Confere
A42: EMEIEF YOJIRO TAKAOKA - ENG. | B42: Chromebook | C42: Acer Chromebook 11 N7 (C731, C731T) | D42: NXH0HAL001838E7BC19501 | E42: Regular | F42: Carrinho 12 - OCRE | G42: =IF(LEFT(D42,3)="09S",LEFT(D42,14),D42) -> NXH0HAL001838E7BC19501 | H42: =IF(COUNTIF(Conferência!$A$4:$A$336,F42)=0,"",IF(COUNTIFS(Conferência!$A$4:$A$336,F42,Conferência!$D$4:$D$336,G42)>0,"Confere","Falta no Word")) -> Falta no Word | I42: Registrado no Carrinho 12, mas não está no Word. Pode estar em outro carrinho ainda não conferido. Ele aparece no Word dos Chromebooks quebrados (computador 27), então provavelmente está lá e só falta atualizar a localização no sistema.
A43: EMEIEF YOJIRO TAKAOKA - ENG. | B43: Chromebook | C43: Acer Chromebook 11 N7 (C731, C731T) | D43: NXH0HAL001830D20EB9501 | E43: Regular | F43: Carrinho 12 - OCRE | G43: =IF(LEFT(D43,3)="09S",LEFT(D43,14),D43) -> NXH0HAL001830D20EB9501 | H43: =IF(COUNTIF(Conferência!$A$4:$A$336,F43)=0,"",IF(COUNTIFS(Conferência!$A$4:$A$336,F43,Conferência!$D$4:$D$336,G43)>0,"Confere","Falta no Word")) -> Confere
A44: EMEIEF YOJIRO TAKAOKA - ENG. | B44: Chromebook | C44: Acer Chromebook 11 N7 (C731, C731T) | D44: NXH0HAL001830D18B89501 | E44: Regular | F44: Carrinho 12 - OCRE | G44: =IF(LEFT(D44,3)="09S",LEFT(D44,14),D44) -> NXH0HAL001830D18B89501 | H44: =IF(COUNTIF(Conferência!$A$4:$A$336,F44)=0,"",IF(COUNTIFS(Conferência!$A$4:$A$336,F44,Conferência!$D$4:$D$336,G44)>0,"Confere","Falta no Word")) -> Confere
A45: EMEIEF YOJIRO TAKAOKA - ENG. | B45: Chromebook | C45: Acer Chromebook 11 N7 (C731, C731T) | D45: NXH0HAL001830D1AED9501 | E45: Regular | F45: Carrinho 12 - OCRE | G45: =IF(LEFT(D45,3)="09S",LEFT(D45,14),D45) -> NXH0HAL001830D1AED9501 | H45: =IF(COUNTIF(Conferência!$A$4:$A$336,F45)=0,"",IF(COUNTIFS(Conferência!$A$4:$A$336,F45,Conferência!$D$4:$D$336,G45)>0,"Confere","Falta no Word")) -> Confere
A46: EMEIEF YOJIRO TAKAOKA - ENG. | B46: Chromebook | C46: Acer Chromebook 11 N7 (C731, C731T) | D46: NXH0HAL0018481FCBE9501 | E46: Regular | F46: Carrinho 12 - OCRE | G46: =IF(LEFT(D46,3)="09S",LEFT(D46,14),D46) -> NXH0HAL0018481FCBE9501 | H46: =IF(COUNTIF(Conferência!$A$4:$A$336,F46)=0,"",IF(COUNTIFS(Conferência!$A$4:$A$336,F46,Conferência!$D$4:$D$336,G46)>0,"Confere","Falta no Word")) -> Confere
A47: EMEIEF YOJIRO TAKAOKA - ENG. | B47: Chromebook | C47: Acer Chromebook 11 N7 (C731, C731T) | D47: NXH0HAL001830D19179501 | E47: Regular | F47: Carrinho 12 - OCRE | G47: =IF(LEFT(D47,3)="09S",LEFT(D47,14),D47) -> NXH0HAL001830D19179501 | H47: =IF(COUNTIF(Conferência!$A$4:$A$336,F47)=0,"",IF(COUNTIFS(Conferência!$A$4:$A$336,F47,Conferência!$D$4:$D$336,G47)>0,"Confere","Falta no Word")) -> Confere
A48: EMEIEF YOJIRO TAKAOKA - ENG. | B48: Chromebook | C48: Acer Chromebook 11 N7 (C731, C731T) | D48: NXH0HAL001830D192D9501 | E48: Regular | F48: Carrinho 12 - OCRE | G48: =IF(LEFT(D48,3)="09S",LEFT(D48,14),D48) -> NXH0HAL001830D192D9501 | H48: =IF(COUNTIF(Conferência!$A$4:$A$336,F48)=0,"",IF(COUNTIFS(Conferência!$A$4:$A$336,F48,Conferência!$D$4:$D$336,G48)>0,"Confere","Falta no Word")) -> Confere
A49: EMEIEF YOJIRO TAKAOKA - ENG. | B49: Chromebook | C49: Acer Chromebook 11 N7 (C731, C731T) | D49: NXH0HAL001830D15139501 | E49: Regular | F49: Carrinho 12 - OCRE | G49: =IF(LEFT(D49,3)="09S",LEFT(D49,14),D49) -> NXH0HAL001830D15139501 | H49: =IF(COUNTIF(Conferência!$A$4:$A$336,F49)=0,"",IF(COUNTIFS(Conferência!$A$4:$A$336,F49,Conferência!$D$4:$D$336,G49)>0,"Confere","Falta no Word")) -> Confere
A50: EMEIEF YOJIRO TAKAOKA - ENG. | B50: Chromebook | C50: Acer Chromebook 11 N7 (C731, C731T) | D50: NXH0HAL001830D13A99501 | E50: Regular | F50: Carrinho 12 - OCRE | G50: =IF(LEFT(D50,3)="09S",LEFT(D50,14),D50) -> NXH0HAL001830D13A99501 | H50: =IF(COUNTIF(Conferência!$A$4:$A$336,F50)=0,"",IF(COUNTIFS(Conferência!$A$4:$A$336,F50,Conferência!$D$4:$D$336,G50)>0,"Confere","Falta no Word")) -> Confere
A51: EMEIEF YOJIRO TAKAOKA - ENG. | B51: Chromebook | C51: Acer Chromebook 11 N7 (C731, C731T) | D51: NXH0HAL001832D65659501 | E51: Regular | F51: Carrinho 12 - OCRE | G51: =IF(LEFT(D51,3)="09S",LEFT(D51,14),D51) -> NXH0HAL001832D65659501 | H51: =IF(COUNTIF(Conferência!$A$4:$A$336,F51)=0,"",IF(COUNTIFS(Conferência!$A$4:$A$336,F51,Conferência!$D$4:$D$336,G51)>0,"Confere","Falta no Word")) -> Confere
A52: EMEIEF YOJIRO TAKAOKA - ENG. | B52: Chromebook | C52: Acer Chromebook 11 N7 (C731, C731T) | D52: NXH0HAL001838E683A9501 | E52: Regular | F52: Carrinho 12 - OCRE | G52: =IF(LEFT(D52,3)="09S",LEFT(D52,14),D52) -> NXH0HAL001838E683A9501 | H52: =IF(COUNTIF(Conferência!$A$4:$A$336,F52)=0,"",IF(COUNTIFS(Conferência!$A$4:$A$336,F52,Conferência!$D$4:$D$336,G52)>0,"Confere","Falta no Word")) -> Confere
A53: EMEIEF YOJIRO TAKAOKA - ENG. | B53: Chromebook | C53: Acer Chromebook 11 N7 (C731, C731T) | D53: NXH0HAL001838E7B7E9501 | E53: Regular | F53: Carrinho 12 - OCRE | G53: =IF(LEFT(D53,3)="09S",LEFT(D53,14),D53) -> NXH0HAL001838E7B7E9501 | H53: =IF(COUNTIF(Conferência!$A$4:$A$336,F53)=0,"",IF(COUNTIFS(Conferência!$A$4:$A$336,F53,Conferência!$D$4:$D$336,G53)>0,"Confere","Falta no Word")) -> Confere
A54: EMEIEF YOJIRO TAKAOKA - ENG. | B54: Chromebook | C54: Acer Chromebook 11 N7 (C731, C731T) | D54: NXH0HAL001830D18DF9501 | E54: Regular | F54: Carrinho 12 - OCRE | G54: =IF(LEFT(D54,3)="09S",LEFT(D54,14),D54) -> NXH0HAL001830D18DF9501 | H54: =IF(COUNTIF(Conferência!$A$4:$A$336,F54)=0,"",IF(COUNTIFS(Conferência!$A$4:$A$336,F54,Conferência!$D$4:$D$336,G54)>0,"Confere","Falta no Word")) -> Confere
... A58: EMEIEF YOJIRO TAKAOKA - ENG. | B58: Chromebook | C58: Acer Chromebook 11 N7 (C731, C731T) | D58: NXH0HAL001838E6A489501 | E58: Regular | F58: Carrinho 12 - OCRE | G58: =IF(LEFT(D58,3)="09S",LEFT(D58,14),D58) -> NXH0HAL001838E6A489501 | H58: =IF(COUNTIF(Conferência!$A$4:$A$336,F58)=0,"",IF(COUNTIFS(Conferência!$A$4:$A$336,F58,Conferência!$D$4:$D$336,G58)>0,"Confere","Falta no Word")) -> Confere
A59: EMEIEF YOJIRO TAKAOKA - ENG. | B59: Chromebook | C59: Acer Chromebook 11 N7 (C731, C731T) | D59: NXH0HAL001839EDC819501 | E59: Regular | F59: Carrinho 12 - OCRE | G59: =IF(LEFT(D59,3)="09S",LEFT(D59,14),D59) -> NXH0HAL001839EDC819501 | H59: =IF(COUNTIF(Conferência!$A$4:$A$336,F59)=0,"",IF(COUNTIFS(Conferência!$A$4:$A$336,F59,Conferência!$D$4:$D$336,G59)>0,"Confere","Falta no Word")) -> Falta no Word | I59: Provável par do computador 12 do Carrinho 12 no Word (ditado com 0 no lugar de 9).
A60: EMEIEF YOJIRO TAKAOKA - ENG. | B60: Chromebook | C60: Acer Chromebook 11 N7 (C731, C731T) | D60: NXH0HAL001838E71669501 | E60: Regular | F60: Carrinho 12 - OCRE | G60: =IF(LEFT(D60,3)="09S",LEFT(D60,14),D60) -> NXH0HAL001838E71669501 | H60: =IF(COUNTIF(Conferência!$A$4:$A$336,F60)=0,"",IF(COUNTIFS(Conferência!$A$4:$A$336,F60,Conferência!$D$4:$D$336,G60)>0,"Confere","Falta no Word")) -> Falta no Word | I60: Registrado no Carrinho 12, mas não está no Word. Pode estar em outro carrinho ainda não conferido. Ele aparece no Word dos Chromebooks quebrados (computador 24), então provavelmente está lá e só falta atualizar a localização no sistema.
A61: EMEIEF YOJIRO TAKAOKA - ENG. | B61: Chromebook | C61: Acer Chromebook 11 N7 (C731, C731T) | D61: NXH0HAL001838E76A89501 | E61: Regular | F61: Carrinho 12 - OCRE | G61: =IF(LEFT(D61,3)="09S",LEFT(D61,14),D61) -> NXH0HAL001838E76A89501 | H61: =IF(COUNTIF(Conferência!$A$4:$A$336,F61)=0,"",IF(COUNTIFS(Conferência!$A$4:$A$336,F61,Conferência!$D$4:$D$336,G61)>0,"Confere","Falta no Word")) -> Falta no Word | I61: Registrado no Carrinho 12, mas não está no Word. Pode estar em outro carrinho ainda não conferido. Ele aparece no Word dos Chromebooks quebrados (computador 19), então provavelmente está lá e só falta atualizar a localização no sistema.
A62: EMEIEF YOJIRO TAKAOKA - ENG. | B62: Chromebook | C62: Acer Chromebook 11 N7 (C731, C731T) | D62: NXH0HAL001838E68C29501 | E62: Regular | F62: Carrinho 12 - OCRE | G62: =IF(LEFT(D62,3)="09S",LEFT(D62,14),D62) -> NXH0HAL001838E68C29501 | H62: =IF(COUNTIF(Conferência!$A$4:$A$336,F62)=0,"",IF(COUNTIFS(Conferência!$A$4:$A$336,F62,Conferência!$D$4:$D$336,G62)>0,"Confere","Falta no Word")) -> Falta no Word | I62: Provável par do computador 1 do Carrinho 12 no Word (ditado sem o 2).
A63: EMEIEF YOJIRO TAKAOKA - ENG. | B63: Chromebook | C63: Acer Chromebook 11 N7 (C731, C731T) | D63: NXH0HAL001832D5F0C9501 | E63: Regular | F63: Carrinho 12 - OCRE | G63: =IF(LEFT(D63,3)="09S",LEFT(D63,14),D63) -> NXH0HAL001832D5F0C9501 | H63: =IF(COUNTIF(Conferência!$A$4:$A$336,F63)=0,"",IF(COUNTIFS(Conferência!$A$4:$A$336,F63,Conferência!$D$4:$D$336,G63)>0,"Confere","Falta no Word")) -> Confere
A64: EMEIEF YOJIRO TAKAOKA - ENG. | B64: Chromebook | C64: Acer Chromebook 11 N7 (C731, C731T) | D64: NXH0HAL001830D21C29501 | E64: Regular | F64: Carrinho 12 - OCRE | G64: =IF(LEFT(D64,3)="09S",LEFT(D64,14),D64) -> NXH0HAL001830D21C29501 | H64: =IF(COUNTIF(Conferência!$A$4:$A$336,F64)=0,"",IF(COUNTIFS(Conferência!$A$4:$A$336,F64,Conferência!$D$4:$D$336,G64)>0,"Confere","Falta no Word")) -> Confere
A65: EMEIEF YOJIRO TAKAOKA - ENG. | B65: Chromebook | C65: Samsung Chromebook 4 | D65: 09S29QAR108777H | E65: Regular | F65: Carrinho 12 - OCRE | G65: =IF(LEFT(D65,3)="09S",LEFT(D65,14),D65) -> 09S29QAR108777 | H65: =IF(COUNTIF(Conferência!$A$4:$A$336,F65)=0,"",IF(COUNTIFS(Conferência!$A$4:$A$336,F65,Conferência!$D$4:$D$336,G65)>0,"Confere","Falta no Word")) -> Confere
A66: EMEIEF YOJIRO TAKAOKA - ENG. | B66: Chromebook | C66: Samsung Chromebook 4 | D66: 09S29QANC07347V | E66: Regular | F66: Carrinho 12 - OCRE | G66: =IF(LEFT(D66,3)="09S",LEFT(D66,14),D66) -> 09S29QANC07347 | H66: =IF(COUNTIF(Conferência!$A$4:$A$336,F66)=0,"",IF(COUNTIFS(Conferência!$A$4:$A$336,F66,Conferência!$D$4:$D$336,G66)>0,"Confere","Falta no Word")) -> Falta no Word | I66: Registrado no Carrinho 12 - OCRE, mas o Word do Carrinho 05 lista este N/S (computador 2). Provavelmente está no Carrinho 05 e só falta atualizar o cadastro.
A67: EMEIEF YOJIRO TAKAOKA - ENG. | B67: Chromebook | C67: Acer Chromebook 11 N7 (C731, C731T) | D67: NXH0HAL001839ED8399501 | E67: Regular | F67: Não Alocado | G67: =IF(LEFT(D67,3)="09S",LEFT(D67,14),D67) -> NXH0HAL001839ED8399501 | H67: =IF(COUNTIF(Conferência!$A$4:$A$336,F67)=0,"",IF(COUNTIFS(Conferência!$A$4:$A$336,F67,Conferência!$D$4:$D$336,G67)>0,"Confere","Falta no Word"))
A68: EMEIEF YOJIRO TAKAOKA - ENG. | B68: Chromebook | C68: Samsung Chromebook 4 - 2021/Lote 1 | D68: 09S29QBR712609 | E68: Regular | F68: Não Alocado | G68: =IF(LEFT(D68,3)="09S",LEFT(D68,14),D68) -> 09S29QBR712609 | H68: =IF(COUNTIF(Conferência!$A$4:$A$336,F68)=0,"",IF(COUNTIFS(Conferência!$A$4:$A$336,F68,Conferência!$D$4:$D$336,G68)>0,"Confere","Falta no Word"))
A69: EMEIEF YOJIRO TAKAOKA - ENG. | B69: Chromebook | C69: Acer Chromebook 11 N7 (C731, C731T) | D69: NXH0HAL0018481E9B89501 | E69: Regular | F69: Carrinho 13 - CIANO | G69: =IF(LEFT(D69,3)="09S",LEFT(D69,14),D69) -> NXH0HAL0018481E9B89501 | H69: =IF(COUNTIF(Conferência!$A$4:$A$336,F69)=0,"",IF(COUNTIFS(Conferência!$A$4:$A$336,F69,Conferência!$D$4:$D$336,G69)>0,"Confere","Falta no Word")) -> Confere
A70: EMEIEF YOJIRO TAKAOKA - ENG. | B70: Chromebook | C70: Acer Chromebook 11 N7 (C731, C731T) | D70: NXH0HAL001838E7B809501 | E70: Regular | F70: Carrinho 13 - CIANO | G70: =IF(LEFT(D70,3)="09S",LEFT(D70,14),D70) -> NXH0HAL001838E7B809501 | H70: =IF(COUNTIF(Conferência!$A$4:$A$336,F70)=0,"",IF(COUNTIFS(Conferência!$A$4:$A$336,F70,Conferência!$D$4:$D$336,G70)>0,"Confere","Falta no Word")) -> Confere
A71: EMEIEF YOJIRO TAKAOKA - ENG. | B71: Chromebook | C71: Acer Chromebook 11 N7 (C731, C731T) | D71: NXH0HAL001832D67DC9501 | E71: Regular | F71: Carrinho 13 - CIANO | G71: =IF(LEFT(D71,3)="09S",LEFT(D71,14),D71) -> NXH0HAL001832D67DC9501 | H71: =IF(COUNTIF(Conferência!$A$4:$A$336,F71)=0,"",IF(COUNTIFS(Conferência!$A$4:$A$336,F71,Conferência!$D$4:$D$336,G71)>0,"Confere","Falta no Word")) -> Confere
A72: EMEIEF YOJIRO TAKAOKA - ENG. | B72: Chromebook | C72: Acer Chromebook 11 N7 (C731, C731T) | D72: NXH0HAL001838E744C9501 | E72: Regular | F72: Carrinho 13 - CIANO | G72: =IF(LEFT(D72,3)="09S",LEFT(D72,14),D72) -> NXH0HAL001838E744C9501 | H72: =IF(COUNTIF(Conferência!$A$4:$A$336,F72)=0,"",IF(COUNTIFS(Conferência!$A$4:$A$336,F72,Conferência!$D$4:$D$336,G72)>0,"Confere","Falta no Word")) -> Confere
A73: EMEIEF YOJIRO TAKAOKA - ENG. | B73: Chromebook | C73: Acer Chromebook 11 N7 (C731, C731T) | D73: NXH0HAL001830D18CC9501 | E73: Regular | F73: Carrinho 13 - CIANO | G73: =IF(LEFT(D73,3)="09S",LEFT(D73,14),D73) -> NXH0HAL001830D18CC9501 | H73: =IF(COUNTIF(Conferência!$A$4:$A$336,F73)=0,"",IF(COUNTIFS(Conferência!$A$4:$A$336,F73,Conferência!$D$4:$D$336,G73)>0,"Confere","Falta no Word")) -> Confere
A74: EMEIEF YOJIRO TAKAOKA - ENG. | B74: Chromebook | C74: Acer Chromebook 11 N7 (C731, C731T) | D74: NXH0HAL001838E6A519501 | E74: Regular | F74: Carrinho 13 - CIANO | G74: =IF(LEFT(D74,3)="09S",LEFT(D74,14),D74) -> NXH0HAL001838E6A519501 | H74: =IF(COUNTIF(Conferência!$A$4:$A$336,F74)=0,"",IF(COUNTIFS(Conferência!$A$4:$A$336,F74,Conferência!$D$4:$D$336,G74)>0,"Confere","Falta no Word")) -> Confere
A75: EMEIEF YOJIRO TAKAOKA - ENG. | B75: Chromebook | C75: Samsung Chromebook 4 | D75: 09S29QAR110922E | E75: Regular | F75: Carrinho 13 - CIANO | G75: =IF(LEFT(D75,3)="09S",LEFT(D75,14),D75) -> 09S29QAR110922 | H75: =IF(COUNTIF(Conferência!$A$4:$A$336,F75)=0,"",IF(COUNTIFS(Conferência!$A$4:$A$336,F75,Conferência!$D$4:$D$336,G75)>0,"Confere","Falta no Word")) -> Falta no Word | I75: Provável par do computador 11 do Word dos quebrados (ditado com 5 no lugar de 1 e letra B no lugar de E).
A76: EMEIEF YOJIRO TAKAOKA - ENG. | B76: Chromebook | C76: Samsung Chromebook 4 | D76: 09S29QAR111100D | E76: Regular | F76: Carrinho 13 - CIANO | G76: =IF(LEFT(D76,3)="09S",LEFT(D76,14),D76) -> 09S29QAR111100 | H76: =IF(COUNTIF(Conferência!$A$4:$A$336,F76)=0,"",IF(COUNTIFS(Conferência!$A$4:$A$336,F76,Conferência!$D$4:$D$336,G76)>0,"Confere","Falta no Word")) -> Confere
A77: EMEIEF YOJIRO TAKAOKA - ENG. | B77: Chromebook | C77: Samsung Chromebook 4 | D77: 09S29QAR109626P | E77: Regular | F77: Carrinho 13 - CIANO | G77: =IF(LEFT(D77,3)="09S",LEFT(D77,14),D77) -> 09S29QAR109626 | H77: =IF(COUNTIF(Conferência!$A$4:$A$336,F77)=0,"",IF(COUNTIFS(Conferência!$A$4:$A$336,F77,Conferência!$D$4:$D$336,G77)>0,"Confere","Falta no Word")) -> Confere
A78: EMEIEF YOJIRO TAKAOKA - ENG. | B78: Chromebook | C78: Samsung Chromebook 4 | D78: 09S29QAR109516Z | E78: Regular | F78: Carrinho 13 - CIANO | G78: =IF(LEFT(D78,3)="09S",LEFT(D78,14),D78) -> 09S29QAR109516 | H78: =IF(COUNTIF(Conferência!$A$4:$A$336,F78)=0,"",IF(COUNTIFS(Conferência!$A$4:$A$336,F78,Conferência!$D$4:$D$336,G78)>0,"Confere","Falta no Word")) -> Confere
A79: EMEIEF YOJIRO TAKAOKA - ENG. | B79: Chromebook | C79: Samsung Chromebook 4 | D79: 09S29QAR109471H | E79: Regular | F79: Carrinho 13 - CIANO | G79: =IF(LEFT(D79,3)="09S",LEFT(D79,14),D79) -> 09S29QAR109471 | H79: =IF(COUNTIF(Conferência!$A$4:$A$336,F79)=0,"",IF(COUNTIFS(Conferência!$A$4:$A$336,F79,Conferência!$D$4:$D$336,G79)>0,"Confere","Falta no Word")) -> Confere
A80: EMEIEF YOJIRO TAKAOKA - ENG. | B80: Chromebook | C80: Samsung Chromebook 4 - 2021/Lote 1 | D80: 09S29QBR701873 | E80: Regular | F80: Carrinho 13 - CIANO | G80: =IF(LEFT(D80,3)="09S",LEFT(D80,14),D80) -> 09S29QBR701873 | H80: =IF(COUNTIF(Conferência!$A$4:$A$336,F80)=0,"",IF(COUNTIFS(Conferência!$A$4:$A$336,F80,Conferência!$D$4:$D$336,G80)>0,"Confere","Falta no Word")) -> Confere
A81: EMEIEF YOJIRO TAKAOKA - ENG. | B81: Chromebook | C81: Samsung Chromebook 4 - 2021/Lote 1 | D81: 09S29QBR707184 | E81: Regular | F81: Carrinho 13 - CIANO | G81: =IF(LEFT(D81,3)="09S",LEFT(D81,14),D81) -> 09S29QBR707184 | H81: =IF(COUNTIF(Conferência!$A$4:$A$336,F81)=0,"",IF(COUNTIFS(Conferência!$A$4:$A$336,F81,Conferência!$D$4:$D$336,G81)>0,"Confere","Falta no Word")) -> Confere
A82: EMEIEF YOJIRO TAKAOKA - ENG. | B82: Chromebook | C82: Samsung Chromebook 4 - 2021/Lote 1 | D82: 09S29QBR702067 | E82: Regular | F82: Carrinho 13 - CIANO | G82: =IF(LEFT(D82,3)="09S",LEFT(D82,14),D82) -> 09S29QBR702067 | H82: =IF(COUNTIF(Conferência!$A$4:$A$336,F82)=0,"",IF(COUNTIFS(Conferência!$A$4:$A$336,F82,Conferência!$D$4:$D$336,G82)>0,"Confere","Falta no Word")) -> Confere
A83: EMEIEF YOJIRO TAKAOKA - ENG. | B83: Chromebook | C83: Samsung Chromebook 4 - 2021/Lote 1 | D83: 09S29QBR702099 | E83: Regular | F83: Carrinho 13 - CIANO | G83: =IF(LEFT(D83,3)="09S",LEFT(D83,14),D83) -> 09S29QBR702099 | H83: =IF(COUNTIF(Conferência!$A$4:$A$336,F83)=0,"",IF(COUNTIFS(Conferência!$A$4:$A$336,F83,Conferência!$D$4:$D$336,G83)>0,"Confere","Falta no Word")) -> Falta no Word | I83: Registrado no Carrinho 13 - CIANO, mas não está no Word dos quebrados nem em outro Word. Conferir fisicamente.
A84: EMEIEF YOJIRO TAKAOKA - ENG. | B84: Chromebook | C84: Acer Chromebook 11 N7 (C731, C731T) | D84: NXH0HAL0018481E9499501 | E84: Regular | F84: Carrinho 02 ( AMARELO) | G84: =IF(LEFT(D84,3)="09S",LEFT(D84,14),D84) -> NXH0HAL0018481E9499501 | H84: =IF(COUNTIF(Conferência!$A$4:$A$336,F84)=0,"",IF(COUNTIFS(Conferência!$A$4:$A$336,F84,Conferência!$D$4:$D$336,G84)>0,"Confere","Falta no Word")) -> Confere
A85: EMEIEF YOJIRO TAKAOKA - ENG. | B85: Chromebook | C85: Acer Chromebook 11 N7 (C731, C731T) | D85: NXH0HAL001830D18C09501 | E85: Regular | F85: Carrinho 02 ( AMARELO) | G85: =IF(LEFT(D85,3)="09S",LEFT(D85,14),D85) -> NXH0HAL001830D18C09501 | H85: =IF(COUNTIF(Conferência!$A$4:$A$336,F85)=0,"",IF(COUNTIFS(Conferência!$A$4:$A$336,F85,Conferência!$D$4:$D$336,G85)>0,"Confere","Falta no Word")) -> Confere
A86: EMEIEF YOJIRO TAKAOKA - ENG. | B86: Chromebook | C86: Acer Chromebook 11 N7 (C731, C731T) | D86: NXH0HAL001830D1BAD9501 | E86: Regular | F86: Carrinho 02 ( AMARELO) | G86: =IF(LEFT(D86,3)="09S",LEFT(D86,14),D86) -> NXH0HAL001830D1BAD9501 | H86: =IF(COUNTIF(Conferência!$A$4:$A$336,F86)=0,"",IF(COUNTIFS(Conferência!$A$4:$A$336,F86,Conferência!$D$4:$D$336,G86)>0,"Confere","Falta no Word")) -> Confere
A87: EMEIEF YOJIRO TAKAOKA - ENG. | B87: Chromebook | C87: Acer Chromebook 11 N7 (C731, C731T) | D87: NXH0HAL001832D65419501 | E87: Regular | F87: Carrinho 02 ( AMARELO) | G87: =IF(LEFT(D87,3)="09S",LEFT(D87,14),D87) -> NXH0HAL001832D65419501 | H87: =IF(COUNTIF(Conferência!$A$4:$A$336,F87)=0,"",IF(COUNTIFS(Conferência!$A$4:$A$336,F87,Conferência!$D$4:$D$336,G87)>0,"Confere","Falta no Word")) -> Confere
A88: EMEIEF YOJIRO TAKAOKA - ENG. | B88: Chromebook | C88: Acer Chromebook 11 N7 (C731, C731T) | D88: NXH0HAL001831D29089501 | E88: Regular | F88: Carrinho 02 ( AMARELO) | G88: =IF(LEFT(D88,3)="09S",LEFT(D88,14),D88) -> NXH0HAL001831D29089501 | H88: =IF(COUNTIF(Conferência!$A$4:$A$336,F88)=0,"",IF(COUNTIFS(Conferência!$A$4:$A$336,F88,Conferência!$D$4:$D$336,G88)>0,"Confere","Falta no Word")) -> Confere
A89: EMEIEF YOJIRO TAKAOKA - ENG. | B89: Chromebook | C89: Acer Chromebook 11 N7 (C731, C731T) | D89: NXH0HAL001832D65AB9501 | E89: Regular | F89: Carrinho 02 ( AMARELO) | G89: =IF(LEFT(D89,3)="09S",LEFT(D89,14),D89) -> NXH0HAL001832D65AB9501 | H89: =IF(COUNTIF(Conferência!$A$4:$A$336,F89)=0,"",IF(COUNTIFS(Conferência!$A$4:$A$336,F89,Conferência!$D$4:$D$336,G89)>0,"Confere","Falta no Word")) -> Confere
A90: EMEIEF YOJIRO TAKAOKA - ENG. | B90: Chromebook | C90: Acer Chromebook 11 N7 (C731, C731T) | D90: NXH0HAL001832D5C449501 | E90: Regular | F90: Carrinho 02 ( AMARELO) | G90: =IF(LEFT(D90,3)="09S",LEFT(D90,14),D90) -> NXH0HAL001832D5C449501 | H90: =IF(COUNTIF(Conferência!$A$4:$A$336,F90)=0,"",IF(COUNTIFS(Conferência!$A$4:$A$336,F90,Conferência!$D$4:$D$336,G90)>0,"Confere","Falta no Word")) -> Confere
A91: EMEIEF YOJIRO TAKAOKA - ENG. | B91: Chromebook | C91: Acer Chromebook 11 N7 (C731, C731T) | D91: NXH0HAL001839ED5039501 | E91: Regular | F91: Carrinho 02 ( AMARELO) | G91: =IF(LEFT(D91,3)="09S",LEFT(D91,14),D91) -> NXH0HAL001839ED5039501 | H91: =IF(COUNTIF(Conferência!$A$4:$A$336,F91)=0,"",IF(COUNTIFS(Conferência!$A$4:$A$336,F91,Conferência!$D$4:$D$336,G91)>0,"Confere","Falta no Word")) -> Confere
A92: EMEIEF YOJIRO TAKAOKA - ENG. | B92: Chromebook | C92: Acer Chromebook 11 N7 (C731, C731T) | D92: NXH0HAL001830D190D9501 | E92: Regular | F92: Carrinho 02 ( AMARELO) | G92: =IF(LEFT(D92,3)="09S",LEFT(D92,14),D92) -> NXH0HAL001830D190D9501 | H92: =IF(COUNTIF(Conferência!$A$4:$A$336,F92)=0,"",IF(COUNTIFS(Conferência!$A$4:$A$336,F92,Conferência!$D$4:$D$336,G92)>0,"Confere","Falta no Word")) -> Confere
A93: EMEIEF YOJIRO TAKAOKA - ENG. | B93: Chromebook | C93: Acer Chromebook 11 N7 (C731, C731T) | D93: NXH0HAL001830D20CC9501 | E93: Regular | F93: Carrinho 02 ( AMARELO) | G93: =IF(LEFT(D93,3)="09S",LEFT(D93,14),D93) -> NXH0HAL001830D20CC9501 | H93: =IF(COUNTIF(Conferência!$A$4:$A$336,F93)=0,"",IF(COUNTIFS(Conferência!$A$4:$A$336,F93,Conferência!$D$4:$D$336,G93)>0,"Confere","Falta no Word")) -> Confere
A94: EMEIEF YOJIRO TAKAOKA - ENG. | B94: Chromebook | C94: Acer Chromebook 11 N7 (C731, C731T) | D94: NXH0HAL001832D6B599501 | E94: Regular | F94: Carrinho 02 ( AMARELO) | G94: =IF(LEFT(D94,3)="09S",LEFT(D94,14),D94) -> NXH0HAL001832D6B599501 | H94: =IF(COUNTIF(Conferência!$A$4:$A$336,F94)=0,"",IF(COUNTIFS(Conferência!$A$4:$A$336,F94,Conferência!$D$4:$D$336,G94)>0,"Confere","Falta no Word")) -> Confere
A95: EMEIEF YOJIRO TAKAOKA - ENG. | B95: Chromebook | C95: Acer Chromebook 11 N7 (C731, C731T) | D95: NXH0HAL001832D65779501 | E95: Regular | F95: Carrinho 02 ( AMARELO) | G95: =IF(LEFT(D95,3)="09S",LEFT(D95,14),D95) -> NXH0HAL001832D65779501 | H95: =IF(COUNTIF(Conferência!$A$4:$A$336,F95)=0,"",IF(COUNTIFS(Conferência!$A$4:$A$336,F95,Conferência!$D$4:$D$336,G95)>0,"Confere","Falta no Word")) -> Confere
... A117: EMEIEF YOJIRO TAKAOKA - ENG. | B117: Chromebook | C117: Acer Chromebook 11 N7 (C731, C731T) | D117: NXH0HAL001832D61879501 | E117: Regular | F117: Carrinho 01 ( AZUL) | G117: =IF(LEFT(D117,3)="09S",LEFT(D117,14),D117) -> NXH0HAL001832D61879501 | H117: =IF(COUNTIF(Conferência!$A$4:$A$336,F117)=0,"",IF(COUNTIFS(Conferência!$A$4:$A$336,F117,Conferência!$D$4:$D$336,G117)>0,"Confere","Falta no Word")) -> Confere
A118: EMEIEF YOJIRO TAKAOKA - ENG. | B118: Chromebook | C118: Acer Chromebook 11 N7 (C731, C731T) | D118: NXH0HAL001830D1FAB9501 | E118: Regular | F118: Carrinho 01 ( AZUL) | G118: =IF(LEFT(D118,3)="09S",LEFT(D118,14),D118) -> NXH0HAL001830D1FAB9501 | H118: =IF(COUNTIF(Conferência!$A$4:$A$336,F118)=0,"",IF(COUNTIFS(Conferência!$A$4:$A$336,F118,Conferência!$D$4:$D$336,G118)>0,"Confere","Falta no Word")) -> Falta no Word | I118: Registrado no Carrinho 01, mas o Word do Carrinho 04 lista este N/S (computador 4). Provavelmente está no Carrinho 04 e só falta atualizar o cadastro.
A119: EMEIEF YOJIRO TAKAOKA - ENG. | B119: Chromebook | C119: Acer Chromebook 11 N7 (C731, C731T) | D119: NXH0HAL001832D68659501 | E119: Regular | F119: Carrinho 01 ( AZUL) | G119: =IF(LEFT(D119,3)="09S",LEFT(D119,14),D119) -> NXH0HAL001832D68659501 | H119: =IF(COUNTIF(Conferência!$A$4:$A$336,F119)=0,"",IF(COUNTIFS(Conferência!$A$4:$A$336,F119,Conferência!$D$4:$D$336,G119)>0,"Confere","Falta no Word")) -> Confere
A120: EMEIEF YOJIRO TAKAOKA - ENG. | B120: Chromebook | C120: Acer Chromebook 11 N7 (C731, C731T) | D120: NXH0HAL001832D65E79501 | E120: Regular | F120: Carrinho 01 ( AZUL) | G120: =IF(LEFT(D120,3)="09S",LEFT(D120,14),D120) -> NXH0HAL001832D65E79501 | H120: =IF(COUNTIF(Conferência!$A$4:$A$336,F120)=0,"",IF(COUNTIFS(Conferência!$A$4:$A$336,F120,Conferência!$D$4:$D$336,G120)>0,"Confere","Falta no Word")) -> Confere
A121: EMEIEF YOJIRO TAKAOKA - ENG. | B121: Chromebook | C121: Acer Chromebook 11 N7 (C731, C731T) | D121: NXH0HAL001830D1F749501 | E121: Regular | F121: Carrinho 01 ( AZUL) | G121: =IF(LEFT(D121,3)="09S",LEFT(D121,14),D121) -> NXH0HAL001830D1F749501 | H121: =IF(COUNTIF(Conferência!$A$4:$A$336,F121)=0,"",IF(COUNTIFS(Conferência!$A$4:$A$336,F121,Conferência!$D$4:$D$336,G121)>0,"Confere","Falta no Word")) -> Confere
A122: EMEIEF YOJIRO TAKAOKA - ENG. | B122: Chromebook | C122: Acer Chromebook 11 N7 (C731, C731T) | D122: NXH0HAL001832D5BB39501 | E122: Regular | F122: Carrinho 01 ( AZUL) | G122: =IF(LEFT(D122,3)="09S",LEFT(D122,14),D122) -> NXH0HAL001832D5BB39501 | H122: =IF(COUNTIF(Conferência!$A$4:$A$336,F122)=0,"",IF(COUNTIFS(Conferência!$A$4:$A$336,F122,Conferência!$D$4:$D$336,G122)>0,"Confere","Falta no Word")) -> Confere
A123: EMEIEF YOJIRO TAKAOKA - ENG. | B123: Chromebook | C123: Acer Chromebook 11 N7 (C731, C731T) | D123: NXH0HAL001832D69D59501 | E123: Regular | F123: Carrinho 01 ( AZUL) | G123: =IF(LEFT(D123,3)="09S",LEFT(D123,14),D123) -> NXH0HAL001832D69D59501 | H123: =IF(COUNTIF(Conferência!$A$4:$A$336,F123)=0,"",IF(COUNTIFS(Conferência!$A$4:$A$336,F123,Conferência!$D$4:$D$336,G123)>0,"Confere","Falta no Word")) -> Falta no Word | I123: Registrado no Carrinho 01, mas não está no Word do Carrinho 01. Ele está no Word do Carrinho Reserva (computador 1): provavelmente está na reserva e falta atualizar o cadastro.
A124: EMEIEF YOJIRO TAKAOKA - ENG. | B124: Chromebook | C124: Acer Chromebook 11 N7 (C731, C731T) | D124: NXH0HAL001839ECE489501 | E124: Regular | F124: Carrinho 01 ( AZUL) | G124: =IF(LEFT(D124,3)="09S",LEFT(D124,14),D124) -> NXH0HAL001839ECE489501 | H124: =IF(COUNTIF(Conferência!$A$4:$A$336,F124)=0,"",IF(COUNTIFS(Conferência!$A$4:$A$336,F124,Conferência!$D$4:$D$336,G124)>0,"Confere","Falta no Word")) -> Confere
...
